Source,Date,Mean
GCAG,2016-12,0.7895
GCAG,2016-11,0.7504
GCAG,2016-10,0.7292
GCAG,2016-09,0.8767
GCAG,2016-08,0.8998
GCAG,2016-07,0.8687
GCAG,2016-06,0.9006
GCAG,2016-05,0.8738
GCAG,2016-04,1.0733
GCAG,2016-03,1.2245
GCAG,2016-02,1.1921
GCAG,2016-01,1.0569
GCAG,2015-12,1.1219
GCAG,2015-11,0.9655
GCAG,2015-10,0.9913
GCAG,2015-09,0.926
GCAG,2015-08,0.8746
GCAG,2015-07,0.8072
GCAG,2015-06,0.8835
GCAG,2015-05,0.8584
GCAG,2015-04,0.7741
GCAG,2015-03,0.8969
GCAG,2015-02,0.8843
GCAG,2015-01,0.8141
GCAG,2014-12,0.8308
GCAG,2014-11,0.6895
GCAG,2014-10,0.7851
GCAG,2014-09,0.7872
GCAG,2014-08,0.7986
GCAG,2014-07,0.6988
GCAG,2014-06,0.7623
GCAG,2014-05,0.7938
GCAG,2014-04,0.8006
GCAG,2014-03,0.7695
GCAG,2014-02,0.48
GCAG,2014-01,0.6936
GCAG,2013-12,0.6981
GCAG,2013-11,0.8293
GCAG,2013-10,0.6787
GCAG,2013-09,0.6857
GCAG,2013-08,0.6605
GCAG,2013-07,0.6662
GCAG,2013-06,0.6838
GCAG,2013-05,0.7141
GCAG,2013-04,0.561
GCAG,2013-03,0.6139
GCAG,2013-02,0.6357
GCAG,2013-01,0.5873
GCAG,2012-12,0.4655
GCAG,2012-11,0.7087
GCAG,2012-10,0.7022
GCAG,2012-09,0.7266
GCAG,2012-08,0.6694
GCAG,2012-07,0.6884
GCAG,2012-06,0.7039
GCAG,2012-05,0.7221
GCAG,2012-04,0.7335
GCAG,2012-03,0.5218
GCAG,2012-02,0.4235
GCAG,2012-01,0.4228
GCAG,2011-12,0.5485
GCAG,2011-11,0.4857
GCAG,2011-10,0.6349
GCAG,2011-09,0.5998
GCAG,2011-08,0.616
GCAG,2011-07,0.6282
GCAG,2011-06,0.6465
GCAG,2011-05,0.5741
GCAG,2011-04,0.6522
GCAG,2011-03,0.5915
GCAG,2011-02,0.4976
GCAG,2011-01,0.4706
GCAG,2010-12,0.4894
GCAG,2010-11,0.7682
GCAG,2010-10,0.6268
GCAG,2010-09,0.5724
GCAG,2010-08,0.6595
GCAG,2010-07,0.7287
GCAG,2010-06,0.7339
GCAG,2010-05,0.7582
GCAG,2010-04,0.8287
GCAG,2010-03,0.847
GCAG,2010-02,0.708
GCAG,2010-01,0.6958
GCAG,2009-12,0.6176
GCAG,2009-11,0.6716
GCAG,2009-10,0.6418
GCAG,2009-09,0.7083
GCAG,2009-08,0.6998
GCAG,2009-07,0.6439
GCAG,2009-06,0.6741
GCAG,2009-05,0.5868
GCAG,2009-04,0.6539
GCAG,2009-03,0.5794
GCAG,2009-02,0.5679
GCAG,2009-01,0.5955
GCAG,2008-12,0.5635
GCAG,2008-11,0.6703
GCAG,2008-10,0.669
GCAG,2008-09,0.5318
GCAG,2008-08,0.5594
GCAG,2008-07,0.5796
GCAG,2008-06,0.5314
GCAG,2008-05,0.5011
GCAG,2008-04,0.4827
GCAG,2008-03,0.7625
GCAG,2008-02,0.3774
GCAG,2008-01,0.2746
GCAG,2007-12,0.4872
GCAG,2007-11,0.5172
GCAG,2007-10,0.567
GCAG,2007-09,0.5775
GCAG,2007-08,0.5509
GCAG,2007-07,0.5286
GCAG,2007-06,0.5374
GCAG,2007-05,0.609
GCAG,2007-04,0.7336
GCAG,2007-03,0.6668
GCAG,2007-02,0.6609
GCAG,2007-01,0.8839
GCAG,2006-12,0.7692
GCAG,2006-11,0.6449
GCAG,2006-10,0.6774
GCAG,2006-09,0.6337
GCAG,2006-08,0.6231
GCAG,2006-07,0.6218
GCAG,2006-06,0.6399
GCAG,2006-05,0.5499
GCAG,2006-04,0.5177
GCAG,2006-03,0.5931
GCAG,2006-02,0.6221
GCAG,2006-01,0.4567
GCAG,2005-12,0.6235
GCAG,2005-11,0.728
GCAG,2005-10,0.693
GCAG,2005-09,0.6867
GCAG,2005-08,0.6247
GCAG,2005-07,0.6572
GCAG,2005-06,0.6722
GCAG,2005-05,0.6573
GCAG,2005-04,0.7314
GCAG,2005-03,0.6918
GCAG,2005-02,0.5143
GCAG,2005-01,0.6223
GCAG,2004-12,0.5081
GCAG,2004-11,0.7601
GCAG,2004-10,0.6177
GCAG,2004-09,0.5331
GCAG,2004-08,0.5141
GCAG,2004-07,0.4806
GCAG,2004-06,0.4707
GCAG,2004-05,0.4442
GCAG,2004-04,0.594
GCAG,2004-03,0.6964
GCAG,2004-02,0.7232
GCAG,2004-01,0.5979
GCAG,2003-12,0.7361
GCAG,2003-11,0.5784
GCAG,2003-10,0.7271
GCAG,2003-09,0.6412
GCAG,2003-08,0.6202
GCAG,2003-07,0.5408
GCAG,2003-06,0.5381
GCAG,2003-05,0.5954
GCAG,2003-04,0.5601
GCAG,2003-03,0.5702
GCAG,2003-02,0.5626
GCAG,2003-01,0.6907
GCAG,2002-12,0.4366
GCAG,2002-11,0.5918
GCAG,2002-10,0.4773
GCAG,2002-09,0.5661
GCAG,2002-08,0.5359
GCAG,2002-07,0.6229
GCAG,2002-06,0.589
GCAG,2002-05,0.5656
GCAG,2002-04,0.5725
GCAG,2002-03,0.7887
GCAG,2002-02,0.7846
GCAG,2002-01,0.6962
GCAG,2001-12,0.5128
GCAG,2001-11,0.688
GCAG,2001-10,0.5006
GCAG,2001-09,0.505
GCAG,2001-08,0.6032
GCAG,2001-07,0.5586
GCAG,2001-06,0.5373
GCAG,2001-05,0.5997
GCAG,2001-04,0.5666
GCAG,2001-03,0.6293
GCAG,2001-02,0.3946
GCAG,2001-01,0.472
GCAG,2000-12,0.3192
GCAG,2000-11,0.2557
GCAG,2000-10,0.3027
GCAG,2000-09,0.4384
GCAG,2000-08,0.4557
GCAG,2000-07,0.3919
GCAG,2000-06,0.4076
GCAG,2000-05,0.4657
GCAG,2000-04,0.6311
GCAG,2000-03,0.5561
GCAG,2000-02,0.5439
GCAG,2000-01,0.3467
GCAG,1999-12,0.5779
GCAG,1999-11,0.3688
GCAG,1999-10,0.3773
GCAG,1999-09,0.3976
GCAG,1999-08,0.3695
GCAG,1999-07,0.4029
GCAG,1999-06,0.4203
GCAG,1999-05,0.4086
GCAG,1999-04,0.459
GCAG,1999-03,0.3702
GCAG,1999-02,0.6733
GCAG,1999-01,0.5007
GCAG,1998-12,0.5796
GCAG,1998-11,0.4132
GCAG,1998-10,0.4965
GCAG,1998-09,0.5271
GCAG,1998-08,0.6816
GCAG,1998-07,0.7358
GCAG,1998-06,0.6657
GCAG,1998-05,0.6679
GCAG,1998-04,0.7358
GCAG,1998-03,0.6396
GCAG,1998-02,0.866
GCAG,1998-01,0.6042
GCAG,1997-12,0.6302
GCAG,1997-11,0.5865
GCAG,1997-10,0.6487
GCAG,1997-09,0.625
GCAG,1997-08,0.5491
GCAG,1997-07,0.5101
GCAG,1997-06,0.5308
GCAG,1997-05,0.4235
GCAG,1997-04,0.4551
GCAG,1997-03,0.4617
GCAG,1997-02,0.4288
GCAG,1997-01,0.3746
GCAG,1996-12,0.3893
GCAG,1996-11,0.2816
GCAG,1996-10,0.2276
GCAG,1996-09,0.2696
GCAG,1996-08,0.3206
GCAG,1996-07,0.3238
GCAG,1996-06,0.3547
GCAG,1996-05,0.3908
GCAG,1996-04,0.2725
GCAG,1996-03,0.3242
GCAG,1996-02,0.4562
GCAG,1996-01,0.2625
GCAG,1995-12,0.3477
GCAG,1995-11,0.455
GCAG,1995-10,0.4376
GCAG,1995-09,0.3865
GCAG,1995-08,0.5056
GCAG,1995-07,0.4295
GCAG,1995-06,0.4657
GCAG,1995-05,0.3537
GCAG,1995-04,0.4097
GCAG,1995-03,0.4637
GCAG,1995-02,0.6895
GCAG,1995-01,0.5487
GCAG,1994-12,0.4009
GCAG,1994-11,0.453
GCAG,1994-10,0.4273
GCAG,1994-09,0.33
GCAG,1994-08,0.3119
GCAG,1994-07,0.3155
GCAG,1994-06,0.387
GCAG,1994-05,0.3819
GCAG,1994-04,0.3568
GCAG,1994-03,0.3568
GCAG,1994-02,0.0791
GCAG,1994-01,0.2902
GCAG,1993-12,0.3188
GCAG,1993-11,0.092
GCAG,1993-10,0.2442
GCAG,1993-09,0.1692
GCAG,1993-08,0.2118
GCAG,1993-07,0.2336
GCAG,1993-06,0.293
GCAG,1993-05,0.3438
GCAG,1993-04,0.3155
GCAG,1993-03,0.4208
GCAG,1993-02,0.3967
GCAG,1993-01,0.384
GCAG,1992-12,0.2833
GCAG,1992-11,0.0943
GCAG,1992-10,0.1154
GCAG,1992-09,0.0588
GCAG,1992-08,0.1405
GCAG,1992-07,0.1359
GCAG,1992-06,0.2821
GCAG,1992-05,0.3276
GCAG,1992-04,0.2936
GCAG,1992-03,0.4333
GCAG,1992-02,0.4485
GCAG,1992-01,0.4721
GCAG,1991-12,0.3064
GCAG,1991-11,0.3175
GCAG,1991-10,0.3292
GCAG,1991-09,0.3863
GCAG,1991-08,0.388
GCAG,1991-07,0.4462
GCAG,1991-06,0.4813
GCAG,1991-05,0.4107
GCAG,1991-04,0.5168
GCAG,1991-03,0.3658
GCAG,1991-02,0.4661
GCAG,1991-01,0.4512
GCAG,1990-12,0.4481
GCAG,1990-11,0.4797
GCAG,1990-10,0.4277
GCAG,1990-09,0.3144
GCAG,1990-08,0.3479
GCAG,1990-07,0.3453
GCAG,1990-06,0.4114
GCAG,1990-05,0.4274
GCAG,1990-04,0.4907
GCAG,1990-03,0.7328
GCAG,1990-02,0.4072
GCAG,1990-01,0.3613
GCAG,1989-12,0.4013
GCAG,1989-11,0.2541
GCAG,1989-10,0.3044
GCAG,1989-09,0.3019
GCAG,1989-08,0.3021
GCAG,1989-07,0.3016
GCAG,1989-06,0.2727
GCAG,1989-05,0.2779
GCAG,1989-04,0.2891
GCAG,1989-03,0.336
GCAG,1989-02,0.3072
GCAG,1989-01,0.2157
GCAG,1988-12,0.3626
GCAG,1988-11,0.2291
GCAG,1988-10,0.3009
GCAG,1988-09,0.3211
GCAG,1988-08,0.3199
GCAG,1988-07,0.3431
GCAG,1988-06,0.3865
GCAG,1988-05,0.3811
GCAG,1988-04,0.4426
GCAG,1988-03,0.4828
GCAG,1988-02,0.3901
GCAG,1988-01,0.5487
GCAG,1987-12,0.5316
GCAG,1987-11,0.3306
GCAG,1987-10,0.3347
GCAG,1987-09,0.4321
GCAG,1987-08,0.3832
GCAG,1987-07,0.4182
GCAG,1987-06,0.3013
GCAG,1987-05,0.3339
GCAG,1987-04,0.3009
GCAG,1987-03,0.2541
GCAG,1987-02,0.5028
GCAG,1987-01,0.3115
GCAG,1986-12,0.2179
GCAG,1986-11,0.1548
GCAG,1986-10,0.2066
GCAG,1986-09,0.1716
GCAG,1986-08,0.1698
GCAG,1986-07,0.1686
GCAG,1986-06,0.2534
GCAG,1986-05,0.2507
GCAG,1986-04,0.2613
GCAG,1986-03,0.2966
GCAG,1986-02,0.2788
GCAG,1986-01,0.3249
GCAG,1985-12,0.1978
GCAG,1985-11,0.1181
GCAG,1985-10,0.1303
GCAG,1985-09,0.101
GCAG,1985-08,0.1287
GCAG,1985-07,0.0779
GCAG,1985-06,0.129
GCAG,1985-05,0.1959
GCAG,1985-04,0.1488
GCAG,1985-03,0.1875
GCAG,1985-02,0.0176
GCAG,1985-01,0.1783
GCAG,1984-12,-0.0926
GCAG,1984-11,0.0365
GCAG,1984-10,0.1187
GCAG,1984-09,0.1431
GCAG,1984-08,0.1687
GCAG,1984-07,0.1193
GCAG,1984-06,0.1306
GCAG,1984-05,0.2834
GCAG,1984-04,0.1503
GCAG,1984-03,0.272
GCAG,1984-02,0.1753
GCAG,1984-01,0.2831
GCAG,1983-12,0.2748
GCAG,1983-11,0.4313
GCAG,1983-10,0.2113
GCAG,1983-09,0.3175
GCAG,1983-08,0.3228
GCAG,1983-07,0.2663
GCAG,1983-06,0.2629
GCAG,1983-05,0.2881
GCAG,1983-04,0.2918
GCAG,1983-03,0.4256
GCAG,1983-02,0.4834
GCAG,1983-01,0.5169
GCAG,1982-12,0.4355
GCAG,1982-11,0.151
GCAG,1982-10,0.1771
GCAG,1982-09,0.233
GCAG,1982-08,0.1406
GCAG,1982-07,0.1436
GCAG,1982-06,0.1231
GCAG,1982-05,0.1923
GCAG,1982-04,0.2054
GCAG,1982-03,0.0833
GCAG,1982-02,0.1593
GCAG,1982-01,0.1342
GCAG,1981-12,0.42
GCAG,1981-11,0.2119
GCAG,1981-10,0.1687
GCAG,1981-09,0.186
GCAG,1981-08,0.2428
GCAG,1981-07,0.2268
GCAG,1981-06,0.2853
GCAG,1981-05,0.262
GCAG,1981-04,0.3579
GCAG,1981-03,0.4083
GCAG,1981-02,0.3629
GCAG,1981-01,0.4656
GCAG,1980-12,0.2674
GCAG,1980-11,0.3319
GCAG,1980-10,0.1821
GCAG,1980-09,0.2008
GCAG,1980-08,0.1957
GCAG,1980-07,0.2172
GCAG,1980-06,0.2474
GCAG,1980-05,0.316
GCAG,1980-04,0.3082
GCAG,1980-03,0.2389
GCAG,1980-02,0.3506
GCAG,1980-01,0.308
GCAG,1979-12,0.5032
GCAG,1979-11,0.2953
GCAG,1979-10,0.2945
GCAG,1979-09,0.2519
GCAG,1979-08,0.2263
GCAG,1979-07,0.1746
GCAG,1979-06,0.2183
GCAG,1979-05,0.1569
GCAG,1979-04,0.1112
GCAG,1979-03,0.243
GCAG,1979-02,0.0922
GCAG,1979-01,0.1602
GCAG,1978-12,0.1512
GCAG,1978-11,0.2245
GCAG,1978-10,0.0646
GCAG,1978-09,0.0748
GCAG,1978-08,0.0033
GCAG,1978-07,0.0699
GCAG,1978-06,0.0532
GCAG,1978-05,0.0596
GCAG,1978-04,0.1324
GCAG,1978-03,0.2228
GCAG,1978-02,0.1306
GCAG,1978-01,0.1606
GCAG,1977-12,0.1124
GCAG,1977-11,0.2603
GCAG,1977-10,0.1189
GCAG,1977-09,0.1867
GCAG,1977-08,0.1418
GCAG,1977-07,0.1737
GCAG,1977-06,0.2474
GCAG,1977-05,0.2368
GCAG,1977-04,0.282
GCAG,1977-03,0.3109
GCAG,1977-02,0.2384
GCAG,1977-01,0.0639
GCAG,1976-12,0.0906
GCAG,1976-11,-0.0432
GCAG,1976-10,-0.1821
GCAG,1976-09,-0.0426
GCAG,1976-08,-0.0894
GCAG,1976-07,-0.0846
GCAG,1976-06,-0.074
GCAG,1976-05,-0.1228
GCAG,1976-04,-0.0223
GCAG,1976-03,-0.2394
GCAG,1976-02,-0.1221
GCAG,1976-01,-0.0181
GCAG,1975-12,-0.0895
GCAG,1975-11,-0.145
GCAG,1975-10,-0.1236
GCAG,1975-09,0.017
GCAG,1975-08,-0.0671
GCAG,1975-07,0.0055
GCAG,1975-06,0.0342
GCAG,1975-05,0.0693
GCAG,1975-04,0.0779
GCAG,1975-03,0.1096
GCAG,1975-02,0.0326
GCAG,1975-01,0.1201
GCAG,1974-12,-0.0976
GCAG,1974-11,-0.0671
GCAG,1974-10,-0.0831
GCAG,1974-09,-0.0428
GCAG,1974-08,0.0131
GCAG,1974-07,0.0195
GCAG,1974-06,-0.0375
GCAG,1974-05,-0.0246
GCAG,1974-04,-0.042
GCAG,1974-03,-0.0509
GCAG,1974-02,-0.2548
GCAG,1974-01,-0.1953
GCAG,1973-12,0.0277
GCAG,1973-11,0.022
GCAG,1973-10,0.0446
GCAG,1973-09,0.0563
GCAG,1973-08,0.0774
GCAG,1973-07,0.1163
GCAG,1973-06,0.1972
GCAG,1973-05,0.2152
GCAG,1973-04,0.2502
GCAG,1973-03,0.3305
GCAG,1973-02,0.3722
GCAG,1973-01,0.259
GCAG,1972-12,0.2529
GCAG,1972-11,0.0799
GCAG,1972-10,0.0891
GCAG,1972-09,0.0207
GCAG,1972-08,0.0863
GCAG,1972-07,0.0639
GCAG,1972-06,0.0765
GCAG,1972-05,0.0147
GCAG,1972-04,0.0357
GCAG,1972-03,0.0014
GCAG,1972-02,-0.1624
GCAG,1972-01,-0.2415
GCAG,1971-12,-0.0198
GCAG,1971-11,0.0363
GCAG,1971-10,-0.0763
GCAG,1971-09,-0.0443
GCAG,1971-08,-0.0688
GCAG,1971-07,-0.063
GCAG,1971-06,-0.1243
GCAG,1971-05,-0.0899
GCAG,1971-04,-0.1299
GCAG,1971-03,-0.1412
GCAG,1971-02,-0.2144
GCAG,1971-01,-0.0045
GCAG,1970-12,-0.0954
GCAG,1970-11,0.0226
GCAG,1970-10,-0.0367
GCAG,1970-09,0.0077
GCAG,1970-08,-0.0198
GCAG,1970-07,-0.0218
GCAG,1970-06,0.0295
GCAG,1970-05,0.0414
GCAG,1970-04,0.131
GCAG,1970-03,0.0317
GCAG,1970-02,0.2353
GCAG,1970-01,0.1214
GCAG,1969-12,0.2468
GCAG,1969-11,0.1896
GCAG,1969-10,0.0713
GCAG,1969-09,0.0843
GCAG,1969-08,0.0954
GCAG,1969-07,0.0933
GCAG,1969-06,0.0766
GCAG,1969-05,0.1756
GCAG,1969-04,0.1935
GCAG,1969-03,0.1222
GCAG,1969-02,-0.1038
GCAG,1969-01,-0.1295
GCAG,1968-12,-0.0431
GCAG,1968-11,0.0156
GCAG,1968-10,0.0471
GCAG,1968-09,-0.0112
GCAG,1968-08,-0.0143
GCAG,1968-07,-0.0197
GCAG,1968-06,-0.0161
GCAG,1968-05,-0.0803
GCAG,1968-04,-0.0703
GCAG,1968-03,0.1508
GCAG,1968-02,-0.1266
GCAG,1968-01,-0.1865
GCAG,1967-12,-0.04
GCAG,1967-11,-0.0212
GCAG,1967-10,0.1288
GCAG,1967-09,-0.0317
GCAG,1967-08,-0.0055
GCAG,1967-07,-0.0177
GCAG,1967-06,-0.0299
GCAG,1967-05,0.1243
GCAG,1967-04,0.0056
GCAG,1967-03,0.0029
GCAG,1967-02,-0.1656
GCAG,1967-01,-0.1068
GCAG,1966-12,-0.1244
GCAG,1966-11,-0.0465
GCAG,1966-10,-0.0592
GCAG,1966-09,0.0261
GCAG,1966-08,0.0191
GCAG,1966-07,0.0667
GCAG,1966-06,0.0577
GCAG,1966-05,-0.0359
GCAG,1966-04,-0.0908
GCAG,1966-03,-0.0025
GCAG,1966-02,-0.0373
GCAG,1966-01,-0.0458
GCAG,1965-12,-0.0124
GCAG,1965-11,-0.09
GCAG,1965-10,0.0238
GCAG,1965-09,-0.0503
GCAG,1965-08,-0.0464
GCAG,1965-07,-0.0841
GCAG,1965-06,-0.0434
GCAG,1965-05,-0.0787
GCAG,1965-04,-0.1875
GCAG,1965-03,-0.1005
GCAG,1965-02,-0.1966
GCAG,1965-01,-0.0699
GCAG,1964-12,-0.2651
GCAG,1964-11,-0.2017
GCAG,1964-10,-0.2665
GCAG,1964-09,-0.2093
GCAG,1964-08,-0.1669
GCAG,1964-07,-0.1111
GCAG,1964-06,-0.0931
GCAG,1964-05,-0.098
GCAG,1964-04,-0.1847
GCAG,1964-03,-0.1421
GCAG,1964-02,-0.1048
GCAG,1964-01,0.0488
GCAG,1963-12,0.0812
GCAG,1963-11,0.1947
GCAG,1963-10,0.2148
GCAG,1963-09,0.1629
GCAG,1963-08,0.1579
GCAG,1963-07,0.1382
GCAG,1963-06,0.0499
GCAG,1963-05,0.013
GCAG,1963-04,-0.0041
GCAG,1963-03,-0.0216
GCAG,1963-02,0.2566
GCAG,1963-01,0.0376
GCAG,1962-12,0.0881
GCAG,1962-11,0.0745
GCAG,1962-10,0.0796
GCAG,1962-09,0.0606
GCAG,1962-08,0.0552
GCAG,1962-07,0.0905
GCAG,1962-06,0.0574
GCAG,1962-05,0.0589
GCAG,1962-04,0.0763
GCAG,1962-03,0.1197
GCAG,1962-02,0.1698
GCAG,1962-01,0.1345
GCAG,1961-12,-0.0171
GCAG,1961-11,0.016
GCAG,1961-10,-0.035
GCAG,1961-09,-0.0041
GCAG,1961-08,0.032
GCAG,1961-07,0.035
GCAG,1961-06,0.1479
GCAG,1961-05,0.1614
GCAG,1961-04,0.1335
GCAG,1961-03,0.1646
GCAG,1961-02,0.1768
GCAG,1961-01,0.1188
GCAG,1960-12,0.2278
GCAG,1960-11,-0.0484
GCAG,1960-10,0.039
GCAG,1960-09,0.0638
GCAG,1960-08,0.0461
GCAG,1960-07,0.0339
GCAG,1960-06,0.0772
GCAG,1960-05,-0.0841
GCAG,1960-04,-0.0954
GCAG,1960-03,-0.2041
GCAG,1960-02,0.1858
GCAG,1960-01,0.0032
GCAG,1959-12,-0.0343
GCAG,1959-11,-0.079
GCAG,1959-10,-0.0137
GCAG,1959-09,0.097
GCAG,1959-08,0.0516
GCAG,1959-07,0.0671
GCAG,1959-06,0.0849
GCAG,1959-05,0.0263
GCAG,1959-04,0.118
GCAG,1959-03,0.2041
GCAG,1959-02,0.0682
GCAG,1959-01,0.125
GCAG,1958-12,0.1452
GCAG,1958-11,0.0896
GCAG,1958-10,0.0405
GCAG,1958-09,0.0186
GCAG,1958-08,0.0528
GCAG,1958-07,0.0649
GCAG,1958-06,0.0624
GCAG,1958-05,0.1007
GCAG,1958-04,0.114
GCAG,1958-03,0.1181
GCAG,1958-02,0.2103
GCAG,1958-01,0.2964
GCAG,1957-12,0.229
GCAG,1957-11,0.1282
GCAG,1957-10,0.0143
GCAG,1957-09,0.0748
GCAG,1957-08,0.1302
GCAG,1957-07,0.0596
GCAG,1957-06,0.1577
GCAG,1957-05,0.1092
GCAG,1957-04,-0.0193
GCAG,1957-03,-0.068
GCAG,1957-02,-0.1118
GCAG,1957-01,-0.1178
GCAG,1956-12,-0.153
GCAG,1956-11,-0.1564
GCAG,1956-10,-0.1989
GCAG,1956-09,-0.252
GCAG,1956-08,-0.1866
GCAG,1956-07,-0.1346
GCAG,1956-06,-0.1437
GCAG,1956-05,-0.2275
GCAG,1956-04,-0.2846
GCAG,1956-03,-0.2003
GCAG,1956-02,-0.2732
GCAG,1956-01,-0.1773
GCAG,1955-12,-0.2706
GCAG,1955-11,-0.2373
GCAG,1955-10,-0.1232
GCAG,1955-09,-0.0923
GCAG,1955-08,-0.0262
GCAG,1955-07,-0.0881
GCAG,1955-06,-0.0695
GCAG,1955-05,-0.1274
GCAG,1955-04,-0.2383
GCAG,1955-03,-0.3091
GCAG,1955-02,-0.1303
GCAG,1955-01,0.0879
GCAG,1954-12,-0.1859
GCAG,1954-11,0.039
GCAG,1954-10,-0.0694
GCAG,1954-09,-0.0595
GCAG,1954-08,-0.0913
GCAG,1954-07,-0.1229
GCAG,1954-06,-0.1161
GCAG,1954-05,-0.202
GCAG,1954-04,-0.1766
GCAG,1954-03,-0.091
GCAG,1954-02,-0.0865
GCAG,1954-01,-0.2352
GCAG,1953-12,0.0555
GCAG,1953-11,-0.0621
GCAG,1953-10,0.0723
GCAG,1953-09,0.0632
GCAG,1953-08,0.0812
GCAG,1953-07,0.0662
GCAG,1953-06,0.124
GCAG,1953-05,0.144
GCAG,1953-04,0.1873
GCAG,1953-03,0.1539
GCAG,1953-02,0.1534
GCAG,1953-01,0.1037
GCAG,1952-12,-0.008
GCAG,1952-11,-0.1975
GCAG,1952-10,-0.0366
GCAG,1952-09,0.0653
GCAG,1952-08,0.0647
GCAG,1952-07,0.0735
GCAG,1952-06,0.0396
GCAG,1952-05,0.034
GCAG,1952-04,0.0666
GCAG,1952-03,-0.048
GCAG,1952-02,0.0921
GCAG,1952-01,0.152
GCAG,1951-12,0.2148
GCAG,1951-11,0.026
GCAG,1951-10,0.1081
GCAG,1951-09,0.1322
GCAG,1951-08,0.113
GCAG,1951-07,0.1101
GCAG,1951-06,0.0381
GCAG,1951-05,0.0569
GCAG,1951-04,-0.0877
GCAG,1951-03,-0.1689
GCAG,1951-02,-0.4101
GCAG,1951-01,-0.2903
GCAG,1950-12,-0.181
GCAG,1950-11,-0.3605
GCAG,1950-10,-0.1661
GCAG,1950-09,-0.1049
GCAG,1950-08,-0.1382
GCAG,1950-07,-0.1053
GCAG,1950-06,-0.0559
GCAG,1950-05,-0.0536
GCAG,1950-04,-0.1706
GCAG,1950-03,-0.0868
GCAG,1950-02,-0.2389
GCAG,1950-01,-0.2777
GCAG,1949-12,-0.1821
GCAG,1949-11,-0.0534
GCAG,1949-10,-0.0297
GCAG,1949-09,-0.0701
GCAG,1949-08,-0.0217
GCAG,1949-07,-0.077
GCAG,1949-06,-0.1486
GCAG,1949-05,-0.0063
GCAG,1949-04,0.0076
GCAG,1949-03,-0.0732
GCAG,1949-02,-0.1476
GCAG,1949-01,0.1209
GCAG,1948-12,-0.1121
GCAG,1948-11,-0.056
GCAG,1948-10,-0.065
GCAG,1948-09,-0.1032
GCAG,1948-08,-0.0282
GCAG,1948-07,-0.0622
GCAG,1948-06,-0.015
GCAG,1948-05,0.1427
GCAG,1948-04,-0.0646
GCAG,1948-03,-0.1841
GCAG,1948-02,-0.0906
GCAG,1948-01,0.0535
GCAG,1947-12,-0.1463
GCAG,1947-11,-0.0238
GCAG,1947-10,0.0549
GCAG,1947-09,-0.1306
GCAG,1947-08,-0.0623
GCAG,1947-07,-0.0138
GCAG,1947-06,0.0208
GCAG,1947-05,-0.019
GCAG,1947-04,0.0143
GCAG,1947-03,-0.0079
GCAG,1947-02,-0.0774
GCAG,1947-01,-0.1816
GCAG,1946-12,-0.2636
GCAG,1946-11,-0.0119
GCAG,1946-10,-0.0057
GCAG,1946-09,-0.0164
GCAG,1946-08,-0.0697
GCAG,1946-07,-0.0367
GCAG,1946-06,-0.1016
GCAG,1946-05,-0.0298
GCAG,1946-04,0.1768
GCAG,1946-03,0.0005
GCAG,1946-02,0.0888
GCAG,1946-01,0.2209
GCAG,1945-12,-0.0475
GCAG,1945-11,0.1955
GCAG,1945-10,0.2569
GCAG,1945-09,0.2578
GCAG,1945-08,0.3546
GCAG,1945-07,0.1652
GCAG,1945-06,0.1413
GCAG,1945-05,0.1761
GCAG,1945-04,0.2764
GCAG,1945-03,0.1072
GCAG,1945-02,0.0149
GCAG,1945-01,0.1535
GCAG,1944-12,0.0951
GCAG,1944-11,0.1518
GCAG,1944-10,0.323
GCAG,1944-09,0.3855
GCAG,1944-08,0.2804
GCAG,1944-07,0.3145
GCAG,1944-06,0.3348
GCAG,1944-05,0.2618
GCAG,1944-04,0.2718
GCAG,1944-03,0.3676
GCAG,1944-02,0.3032
GCAG,1944-01,0.4241
GCAG,1943-12,0.3539
GCAG,1943-11,0.2459
GCAG,1943-10,0.3095
GCAG,1943-09,0.1425
GCAG,1943-08,0.0992
GCAG,1943-07,0.183
GCAG,1943-06,0.0245
GCAG,1943-05,0.1326
GCAG,1943-04,0.1726
GCAG,1943-03,0.0762
GCAG,1943-02,0.1683
GCAG,1943-01,-0.0241
GCAG,1942-12,0.1515
GCAG,1942-11,0.167
GCAG,1942-10,0.1495
GCAG,1942-09,0.1179
GCAG,1942-08,0.044
GCAG,1942-07,0.0768
GCAG,1942-06,0.2098
GCAG,1942-05,0.1665
GCAG,1942-04,0.19
GCAG,1942-03,0.1771
GCAG,1942-02,0.0971
GCAG,1942-01,0.2983
GCAG,1941-12,0.2108
GCAG,1941-11,0.2212
GCAG,1941-10,0.313
GCAG,1941-09,0.0881
GCAG,1941-08,0.1736
GCAG,1941-07,0.2069
GCAG,1941-06,0.1614
GCAG,1941-05,0.2446
GCAG,1941-04,0.2229
GCAG,1941-03,0.1023
GCAG,1941-02,0.227
GCAG,1941-01,0.1802
GCAG,1940-12,0.2683
GCAG,1940-11,0.1004
GCAG,1940-10,0.0993
GCAG,1940-09,0.1483
GCAG,1940-08,0.0902
GCAG,1940-07,0.1459
GCAG,1940-06,0.1039
GCAG,1940-05,0.0556
GCAG,1940-04,0.1286
GCAG,1940-03,0.0671
GCAG,1940-02,0.0514
GCAG,1940-01,-0.1226
GCAG,1939-12,0.4057
GCAG,1939-11,0.044
GCAG,1939-10,-0.0427
GCAG,1939-09,0.0111
GCAG,1939-08,0.0555
GCAG,1939-07,0.0061
GCAG,1939-06,-0.0077
GCAG,1939-05,-0.0366
GCAG,1939-04,-0.1319
GCAG,1939-03,-0.1897
GCAG,1939-02,-0.1137
GCAG,1939-01,-0.1665
GCAG,1938-12,-0.2541
GCAG,1938-11,0.0039
GCAG,1938-10,0.0724
GCAG,1938-09,0.0293
GCAG,1938-08,-0.0149
GCAG,1938-07,-0.0505
GCAG,1938-06,-0.0939
GCAG,1938-05,-0.019
GCAG,1938-04,0.0428
GCAG,1938-03,0.0308
GCAG,1938-02,-0.054
GCAG,1938-01,-0.0378
GCAG,1937-12,-0.0919
GCAG,1937-11,0.0099
GCAG,1937-10,0.1137
GCAG,1937-09,0.1316
GCAG,1937-08,0.093
GCAG,1937-07,-0.0004
GCAG,1937-06,0.0126
GCAG,1937-05,-0.0187
GCAG,1937-04,-0.1262
GCAG,1937-03,-0.1823
GCAG,1937-02,0.0385
GCAG,1937-01,-0.1684
GCAG,1936-12,-0.0193
GCAG,1936-11,-0.0275
GCAG,1936-10,-0.0224
GCAG,1936-09,-0.0389
GCAG,1936-08,-0.0557
GCAG,1936-07,-0.0139
GCAG,1936-06,-0.1075
GCAG,1936-05,-0.1178
GCAG,1936-04,-0.1789
GCAG,1936-03,-0.2107
GCAG,1936-02,-0.3137
GCAG,1936-01,-0.2547
GCAG,1935-12,-0.1769
GCAG,1935-11,-0.2707
GCAG,1935-10,-0.013
GCAG,1935-09,-0.0916
GCAG,1935-08,-0.1003
GCAG,1935-07,-0.1155
GCAG,1935-06,-0.1706
GCAG,1935-05,-0.2038
GCAG,1935-04,-0.2567
GCAG,1935-03,-0.1475
GCAG,1935-02,0.1659
GCAG,1935-01,-0.2894
GCAG,1934-12,-0.0256
GCAG,1934-11,0.0128
GCAG,1934-10,-0.0693
GCAG,1934-09,-0.1226
GCAG,1934-08,-0.0548
GCAG,1934-07,-0.0894
GCAG,1934-06,-0.0025
GCAG,1934-05,-0.0444
GCAG,1934-04,-0.2318
GCAG,1934-03,-0.2574
GCAG,1934-02,-0.0231
GCAG,1934-01,-0.3102
GCAG,1933-12,-0.4069
GCAG,1933-11,-0.2548
GCAG,1933-10,-0.1879
GCAG,1933-09,-0.2214
GCAG,1933-08,-0.1889
GCAG,1933-07,-0.181
GCAG,1933-06,-0.2007
GCAG,1933-05,-0.2091
GCAG,1933-04,-0.2044
GCAG,1933-03,-0.2476
GCAG,1933-02,-0.3167
GCAG,1933-01,-0.3073
GCAG,1932-12,-0.1861
GCAG,1932-11,-0.1945
GCAG,1932-10,-0.0926
GCAG,1932-09,-0.0695
GCAG,1932-08,-0.1757
GCAG,1932-07,-0.1208
GCAG,1932-06,-0.1578
GCAG,1932-05,-0.1674
GCAG,1932-04,-0.0324
GCAG,1932-03,-0.1799
GCAG,1932-02,-0.1794
GCAG,1932-01,0.1547
GCAG,1931-12,-0.1052
GCAG,1931-11,-0.1139
GCAG,1931-10,0.0092
GCAG,1931-09,0.0035
GCAG,1931-08,0.0047
GCAG,1931-07,-0.0155
GCAG,1931-06,-0.0185
GCAG,1931-05,-0.1499
GCAG,1931-04,-0.1625
GCAG,1931-03,-0.0061
GCAG,1931-02,-0.2225
GCAG,1931-01,-0.047
GCAG,1930-12,0.0064
GCAG,1930-11,0.1368
GCAG,1930-10,-0.0011
GCAG,1930-09,-0.1043
GCAG,1930-08,-0.09
GCAG,1930-07,-0.0692
GCAG,1930-06,-0.1135
GCAG,1930-05,-0.1976
GCAG,1930-04,-0.195
GCAG,1930-03,-0.0549
GCAG,1930-02,-0.2
GCAG,1930-01,-0.3206
GCAG,1929-12,-0.5167
GCAG,1929-11,-0.0971
GCAG,1929-10,-0.1185
GCAG,1929-09,-0.2089
GCAG,1929-08,-0.2078
GCAG,1929-07,-0.2735
GCAG,1929-06,-0.2746
GCAG,1929-05,-0.2886
GCAG,1929-04,-0.2976
GCAG,1929-03,-0.2654
GCAG,1929-02,-0.5495
GCAG,1929-01,-0.484
GCAG,1928-12,-0.1713
GCAG,1928-11,-0.0679
GCAG,1928-10,-0.1256
GCAG,1928-09,-0.1904
GCAG,1928-08,-0.1997
GCAG,1928-07,-0.1773
GCAG,1928-06,-0.2777
GCAG,1928-05,-0.1866
GCAG,1928-04,-0.2444
GCAG,1928-03,-0.263
GCAG,1928-02,-0.145
GCAG,1928-01,-0.08
GCAG,1927-12,-0.3132
GCAG,1927-11,-0.0397
GCAG,1927-10,0.014
GCAG,1927-09,-0.0275
GCAG,1927-08,-0.1145
GCAG,1927-07,-0.1035
GCAG,1927-06,-0.2014
GCAG,1927-05,-0.2286
GCAG,1927-04,-0.2207
GCAG,1927-03,-0.2563
GCAG,1927-02,-0.1917
GCAG,1927-01,-0.1723
GCAG,1926-12,-0.2158
GCAG,1926-11,-0.0784
GCAG,1926-10,-0.084
GCAG,1926-09,-0.1031
GCAG,1926-08,-0.0882
GCAG,1926-07,-0.1582
GCAG,1926-06,-0.1224
GCAG,1926-05,-0.1345
GCAG,1926-04,-0.1389
GCAG,1926-03,0.0756
GCAG,1926-02,0.0811
GCAG,1926-01,0.166
GCAG,1925-12,0.1358
GCAG,1925-11,0.0584
GCAG,1925-10,-0.1326
GCAG,1925-09,-0.104
GCAG,1925-08,-0.1374
GCAG,1925-07,-0.2093
GCAG,1925-06,-0.2291
GCAG,1925-05,-0.2233
GCAG,1925-04,-0.1633
GCAG,1925-03,-0.1692
GCAG,1925-02,-0.2783
GCAG,1925-01,-0.3246
GCAG,1924-12,-0.3912
GCAG,1924-11,-0.2942
GCAG,1924-10,-0.2879
GCAG,1924-09,-0.2836
GCAG,1924-08,-0.2895
GCAG,1924-07,-0.2216
GCAG,1924-06,-0.2259
GCAG,1924-05,-0.1903
GCAG,1924-04,-0.2466
GCAG,1924-03,-0.113
GCAG,1924-02,-0.1859
GCAG,1924-01,-0.2536
GCAG,1923-12,0.0001
GCAG,1923-11,0.0285
GCAG,1923-10,-0.1619
GCAG,1923-09,-0.2454
GCAG,1923-08,-0.2824
GCAG,1923-07,-0.282
GCAG,1923-06,-0.1948
GCAG,1923-05,-0.2488
GCAG,1923-04,-0.3381
GCAG,1923-03,-0.2697
GCAG,1923-02,-0.3785
GCAG,1923-01,-0.2143
GCAG,1922-12,-0.1563
GCAG,1922-11,-0.1929
GCAG,1922-10,-0.2506
GCAG,1922-09,-0.2525
GCAG,1922-08,-0.2793
GCAG,1922-07,-0.2615
GCAG,1922-06,-0.282
GCAG,1922-05,-0.2647
GCAG,1922-04,-0.1301
GCAG,1922-03,-0.0787
GCAG,1922-02,-0.2945
GCAG,1922-01,-0.3221
GCAG,1921-12,-0.0822
GCAG,1921-11,-0.1859
GCAG,1921-10,-0.0662
GCAG,1921-09,-0.1481
GCAG,1921-08,-0.1964
GCAG,1921-07,-0.1123
GCAG,1921-06,-0.1665
GCAG,1921-05,-0.1917
GCAG,1921-04,-0.2059
GCAG,1921-03,-0.2176
GCAG,1921-02,-0.1494
GCAG,1921-01,-0.0598
GCAG,1920-12,-0.3886
GCAG,1920-11,-0.251
GCAG,1920-10,-0.2096
GCAG,1920-09,-0.1755
GCAG,1920-08,-0.2306
GCAG,1920-07,-0.2436
GCAG,1920-06,-0.2559
GCAG,1920-05,-0.1682
GCAG,1920-04,-0.2098
GCAG,1920-03,-0.0583
GCAG,1920-02,-0.2197
GCAG,1920-01,-0.1157
GCAG,1919-12,-0.298
GCAG,1919-11,-0.3178
GCAG,1919-10,-0.22
GCAG,1919-09,-0.1833
GCAG,1919-08,-0.2077
GCAG,1919-07,-0.2155
GCAG,1919-06,-0.2348
GCAG,1919-05,-0.1837
GCAG,1919-04,-0.0704
GCAG,1919-03,-0.2393
GCAG,1919-02,-0.053
GCAG,1919-01,-0.2424
GCAG,1918-12,-0.3195
GCAG,1918-11,-0.1154
GCAG,1918-10,-0.0998
GCAG,1918-09,-0.1481
GCAG,1918-08,-0.1777
GCAG,1918-07,-0.2024
GCAG,1918-06,-0.1829
GCAG,1918-05,-0.276
GCAG,1918-04,-0.2966
GCAG,1918-03,-0.1783
GCAG,1918-02,-0.2892
GCAG,1918-01,-0.2146
GCAG,1917-12,-0.5329
GCAG,1917-11,-0.1348
GCAG,1917-10,-0.2602
GCAG,1917-09,-0.0635
GCAG,1917-08,-0.1726
GCAG,1917-07,-0.1721
GCAG,1917-06,-0.3432
GCAG,1917-05,-0.45
GCAG,1917-04,-0.3146
GCAG,1917-03,-0.4287
GCAG,1917-02,-0.4721
GCAG,1917-01,-0.4299
GCAG,1916-12,-0.5742
GCAG,1916-11,-0.3957
GCAG,1916-10,-0.2651
GCAG,1916-09,-0.2616
GCAG,1916-08,-0.2743
GCAG,1916-07,-0.2889
GCAG,1916-06,-0.3834
GCAG,1916-05,-0.2245
GCAG,1916-04,-0.1978
GCAG,1916-03,-0.2944
GCAG,1916-02,-0.1759
GCAG,1916-01,-0.1797
GCAG,1915-12,-0.0503
GCAG,1915-11,-0.0116
GCAG,1915-10,-0.1722
GCAG,1915-09,-0.1111
GCAG,1915-08,-0.076
GCAG,1915-07,-0.0284
GCAG,1915-06,-0.0858
GCAG,1915-05,-0.0685
GCAG,1915-04,0.0215
GCAG,1915-03,-0.1011
GCAG,1915-02,-0.0108
GCAG,1915-01,-0.1374
GCAG,1914-12,-0.0998
GCAG,1914-11,-0.1202
GCAG,1914-10,-0.0938
GCAG,1914-09,-0.1781
GCAG,1914-08,-0.1757
GCAG,1914-07,-0.2095
GCAG,1914-06,-0.1963
GCAG,1914-05,-0.1647
GCAG,1914-04,-0.2481
GCAG,1914-03,-0.1633
GCAG,1914-02,-0.1203
GCAG,1914-01,0.0961
GCAG,1913-12,-0.0374
GCAG,1913-11,-0.1371
GCAG,1913-10,-0.3112
GCAG,1913-09,-0.3562
GCAG,1913-08,-0.328
GCAG,1913-07,-0.3534
GCAG,1913-06,-0.3779
GCAG,1913-05,-0.394
GCAG,1913-04,-0.3506
GCAG,1913-03,-0.4077
GCAG,1913-02,-0.3899
GCAG,1913-01,-0.3513
GCAG,1912-12,-0.3553
GCAG,1912-11,-0.4122
GCAG,1912-10,-0.5185
GCAG,1912-09,-0.5056
GCAG,1912-08,-0.4516
GCAG,1912-07,-0.314
GCAG,1912-06,-0.26
GCAG,1912-05,-0.2257
GCAG,1912-04,-0.2027
GCAG,1912-03,-0.3123
GCAG,1912-02,-0.1091
GCAG,1912-01,-0.2791
GCAG,1911-12,-0.2456
GCAG,1911-11,-0.2571
GCAG,1911-10,-0.3433
GCAG,1911-09,-0.3983
GCAG,1911-08,-0.4541
GCAG,1911-07,-0.4658
GCAG,1911-06,-0.4443
GCAG,1911-05,-0.4775
GCAG,1911-04,-0.5099
GCAG,1911-03,-0.5697
GCAG,1911-02,-0.5265
GCAG,1911-01,-0.5067
GCAG,1910-12,-0.5626
GCAG,1910-11,-0.4956
GCAG,1910-10,-0.4199
GCAG,1910-09,-0.3322
GCAG,1910-08,-0.3325
GCAG,1910-07,-0.3264
GCAG,1910-06,-0.3525
GCAG,1910-05,-0.2999
GCAG,1910-04,-0.339
GCAG,1910-03,-0.4202
GCAG,1910-02,-0.3627
GCAG,1910-01,-0.3035
GCAG,1909-12,-0.4071
GCAG,1909-11,-0.2733
GCAG,1909-10,-0.3935
GCAG,1909-09,-0.3611
GCAG,1909-08,-0.3052
GCAG,1909-07,-0.435
GCAG,1909-06,-0.4145
GCAG,1909-05,-0.4512
GCAG,1909-04,-0.5264
GCAG,1909-03,-0.5399
GCAG,1909-02,-0.4563
GCAG,1909-01,-0.5499
GCAG,1908-12,-0.3846
GCAG,1908-11,-0.4833
GCAG,1908-10,-0.5169
GCAG,1908-09,-0.3973
GCAG,1908-08,-0.4787
GCAG,1908-07,-0.3874
GCAG,1908-06,-0.4062
GCAG,1908-05,-0.3982
GCAG,1908-04,-0.4832
GCAG,1908-03,-0.6041
GCAG,1908-02,-0.3753
GCAG,1908-01,-0.36
GCAG,1907-12,-0.3922
GCAG,1907-11,-0.5055
GCAG,1907-10,-0.3047
GCAG,1907-09,-0.3364
GCAG,1907-08,-0.3378
GCAG,1907-07,-0.3547
GCAG,1907-06,-0.3742
GCAG,1907-05,-0.4669
GCAG,1907-04,-0.3508
GCAG,1907-03,-0.276
GCAG,1907-02,-0.4038
GCAG,1907-01,-0.3443
GCAG,1906-12,-0.165
GCAG,1906-11,-0.3676
GCAG,1906-10,-0.2809
GCAG,1906-09,-0.3053
GCAG,1906-08,-0.2362
GCAG,1906-07,-0.2467
GCAG,1906-06,-0.1768
GCAG,1906-05,-0.2166
GCAG,1906-04,-0.0514
GCAG,1906-03,-0.1484
GCAG,1906-02,-0.2379
GCAG,1906-01,-0.1755
GCAG,1905-12,-0.1334
GCAG,1905-11,-0.0916
GCAG,1905-10,-0.296
GCAG,1905-09,-0.2239
GCAG,1905-08,-0.2275
GCAG,1905-07,-0.1918
GCAG,1905-06,-0.2503
GCAG,1905-05,-0.2879
GCAG,1905-04,-0.4481
GCAG,1905-03,-0.394
GCAG,1905-02,-0.6187
GCAG,1905-01,-0.354
GCAG,1904-12,-0.2414
GCAG,1904-11,-0.1686
GCAG,1904-10,-0.4066
GCAG,1904-09,-0.4632
GCAG,1904-08,-0.4314
GCAG,1904-07,-0.4597
GCAG,1904-06,-0.4403
GCAG,1904-05,-0.4282
GCAG,1904-04,-0.4717
GCAG,1904-03,-0.5129
GCAG,1904-02,-0.467
GCAG,1904-01,-0.5416
GCAG,1903-12,-0.3861
GCAG,1903-11,-0.395
GCAG,1903-10,-0.4357
GCAG,1903-09,-0.3756
GCAG,1903-08,-0.4296
GCAG,1903-07,-0.334
GCAG,1903-06,-0.3759
GCAG,1903-05,-0.3912
GCAG,1903-04,-0.354
GCAG,1903-03,-0.2755
GCAG,1903-02,-0.08
GCAG,1903-01,-0.2101
GCAG,1902-12,-0.3592
GCAG,1902-11,-0.343
GCAG,1902-10,-0.2821
GCAG,1902-09,-0.2315
GCAG,1902-08,-0.2643
GCAG,1902-07,-0.2902
GCAG,1902-06,-0.3324
GCAG,1902-05,-0.2616
GCAG,1902-04,-0.2697
GCAG,1902-03,-0.1954
GCAG,1902-02,-0.0409
GCAG,1902-01,-0.0856
GCAG,1901-12,-0.2372
GCAG,1901-11,-0.1425
GCAG,1901-10,-0.2786
GCAG,1901-09,-0.2059
GCAG,1901-08,-0.1299
GCAG,1901-07,-0.1563
GCAG,1901-06,-0.1273
GCAG,1901-05,-0.1248
GCAG,1901-04,-0.0646
GCAG,1901-03,-0.0327
GCAG,1901-02,-0.0741
GCAG,1901-01,-0.1259
GCAG,1900-12,0.032
GCAG,1900-11,-0.1345
GCAG,1900-10,0.0464
GCAG,1900-09,-0.06
GCAG,1900-08,-0.0708
GCAG,1900-07,-0.0728
GCAG,1900-06,-0.045
GCAG,1900-05,-0.0371
GCAG,1900-04,-0.0985
GCAG,1900-03,-0.0402
GCAG,1900-02,-0.0934
GCAG,1900-01,-0.2404
GCAG,1899-12,-0.1656
GCAG,1899-11,0.1523
GCAG,1899-10,-0.0241
GCAG,1899-09,-0.0307
GCAG,1899-08,-0.0664
GCAG,1899-07,-0.1259
GCAG,1899-06,-0.1977
GCAG,1899-05,-0.1203
GCAG,1899-04,-0.1946
GCAG,1899-03,-0.2549
GCAG,1899-02,-0.2787
GCAG,1899-01,-0.1005
GCAG,1898-12,-0.0073
GCAG,1898-11,-0.2417
GCAG,1898-10,-0.3234
GCAG,1898-09,-0.1968
GCAG,1898-08,-0.2306
GCAG,1898-07,-0.2426
GCAG,1898-06,-0.2078
GCAG,1898-05,-0.2887
GCAG,1898-04,-0.3467
GCAG,1898-03,-0.6515
GCAG,1898-02,-0.2785
GCAG,1898-01,-0.0399
GCAG,1897-12,-0.2989
GCAG,1897-11,-0.2619
GCAG,1897-10,-0.1608
GCAG,1897-09,-0.0247
GCAG,1897-08,-0.0735
GCAG,1897-07,-0.0401
GCAG,1897-06,-0.1
GCAG,1897-05,-0.0256
GCAG,1897-04,-0.0032
GCAG,1897-03,-0.1863
GCAG,1897-02,-0.1086
GCAG,1897-01,-0.1857
GCAG,1896-12,0.049
GCAG,1896-11,-0.1659
GCAG,1896-10,-0.0056
GCAG,1896-09,-0.0679
GCAG,1896-08,-0.0723
GCAG,1896-07,-0.0509
GCAG,1896-06,-0.0925
GCAG,1896-05,-0.1042
GCAG,1896-04,-0.266
GCAG,1896-03,-0.2079
GCAG,1896-02,-0.0789
GCAG,1896-01,-0.1056
GCAG,1895-12,-0.069
GCAG,1895-11,-0.1602
GCAG,1895-10,-0.1317
GCAG,1895-09,-0.1329
GCAG,1895-08,-0.2243
GCAG,1895-07,-0.201
GCAG,1895-06,-0.2938
GCAG,1895-05,-0.2076
GCAG,1895-04,-0.1868
GCAG,1895-03,-0.2879
GCAG,1895-02,-0.4136
GCAG,1895-01,-0.4389
GCAG,1894-12,-0.2412
GCAG,1894-11,-0.2979
GCAG,1894-10,-0.2135
GCAG,1894-09,-0.2531
GCAG,1894-08,-0.2735
GCAG,1894-07,-0.2738
GCAG,1894-06,-0.3487
GCAG,1894-05,-0.3018
GCAG,1894-04,-0.3023
GCAG,1894-03,-0.2064
GCAG,1894-02,-0.2215
GCAG,1894-01,-0.436
GCAG,1893-12,-0.2452
GCAG,1893-11,-0.1657
GCAG,1893-10,-0.2099
GCAG,1893-09,-0.2587
GCAG,1893-08,-0.3281
GCAG,1893-07,-0.2018
GCAG,1893-06,-0.2405
GCAG,1893-05,-0.3421
GCAG,1893-04,-0.35
GCAG,1893-03,-0.2218
GCAG,1893-02,-0.6107
GCAG,1893-01,-0.6796
GCAG,1892-12,-0.4708
GCAG,1892-11,-0.4728
GCAG,1892-10,-0.2464
GCAG,1892-09,-0.2198
GCAG,1892-08,-0.3279
GCAG,1892-07,-0.3497
GCAG,1892-06,-0.2831
GCAG,1892-05,-0.3081
GCAG,1892-04,-0.3203
GCAG,1892-03,-0.3032
GCAG,1892-02,-0.1353
GCAG,1892-01,-0.2372
GCAG,1891-12,-0.0421
GCAG,1891-11,-0.3968
GCAG,1891-10,-0.2861
GCAG,1891-09,-0.1514
GCAG,1891-08,-0.2313
GCAG,1891-07,-0.2264
GCAG,1891-06,-0.2023
GCAG,1891-05,-0.1374
GCAG,1891-04,-0.2523
GCAG,1891-03,-0.212
GCAG,1891-02,-0.5228
GCAG,1891-01,-0.3772
GCAG,1890-12,-0.2302
GCAG,1890-11,-0.3419
GCAG,1890-10,-0.2941
GCAG,1890-09,-0.3508
GCAG,1890-08,-0.3257
GCAG,1890-07,-0.2802
GCAG,1890-06,-0.2875
GCAG,1890-05,-0.3892
GCAG,1890-04,-0.2588
GCAG,1890-03,-0.3189
GCAG,1890-02,-0.4268
GCAG,1890-01,-0.3594
GCAG,1889-12,-0.175
GCAG,1889-11,-0.2769
GCAG,1889-10,-0.1913
GCAG,1889-09,-0.2264
GCAG,1889-08,-0.137
GCAG,1889-07,-0.1604
GCAG,1889-06,-0.0698
GCAG,1889-05,-0.0326
GCAG,1889-04,0.0496
GCAG,1889-03,0.1207
GCAG,1889-02,0.0152
GCAG,1889-01,-0.0944
GCAG,1888-12,0.0445
GCAG,1888-11,-0.0418
GCAG,1888-10,0.019
GCAG,1888-09,-0.069
GCAG,1888-08,-0.1633
GCAG,1888-07,-0.1149
GCAG,1888-06,-0.0943
GCAG,1888-05,-0.1561
GCAG,1888-04,-0.1761
GCAG,1888-03,-0.2974
GCAG,1888-02,-0.3288
GCAG,1888-01,-0.3871
GCAG,1887-12,-0.1988
GCAG,1887-11,-0.1572
GCAG,1887-10,-0.2995
GCAG,1887-09,-0.1827
GCAG,1887-08,-0.3148
GCAG,1887-07,-0.2707
GCAG,1887-06,-0.2149
GCAG,1887-05,-0.239
GCAG,1887-04,-0.1899
GCAG,1887-03,-0.1655
GCAG,1887-02,-0.3745
GCAG,1887-01,-0.3792
GCAG,1886-12,-0.163
GCAG,1886-11,-0.1952
GCAG,1886-10,-0.2261
GCAG,1886-09,-0.1969
GCAG,1886-08,-0.2146
GCAG,1886-07,-0.1599
GCAG,1886-06,-0.2468
GCAG,1886-05,-0.1573
GCAG,1886-04,-0.1679
GCAG,1886-03,-0.2823
GCAG,1886-02,-0.2795
GCAG,1886-01,-0.1143
GCAG,1885-12,0.05
GCAG,1885-11,-0.1262
GCAG,1885-10,-0.1289
GCAG,1885-09,-0.1963
GCAG,1885-08,-0.2407
GCAG,1885-07,-0.2375
GCAG,1885-06,-0.3052
GCAG,1885-05,-0.2787
GCAG,1885-04,-0.2564
GCAG,1885-03,-0.1473
GCAG,1885-02,-0.2558
GCAG,1885-01,-0.4267
GCAG,1884-12,-0.144
GCAG,1884-11,-0.2692
GCAG,1884-10,-0.1695
GCAG,1884-09,-0.2238
GCAG,1884-08,-0.2698
GCAG,1884-07,-0.2985
GCAG,1884-06,-0.1939
GCAG,1884-05,-0.1282
GCAG,1884-04,-0.1809
GCAG,1884-03,-0.2061
GCAG,1884-02,-0.143
GCAG,1884-01,-0.1843
GCAG,1883-12,-0.0738
GCAG,1883-11,-0.1683
GCAG,1883-10,-0.1612
GCAG,1883-09,-0.1467
GCAG,1883-08,-0.0526
GCAG,1883-07,-0.0849
GCAG,1883-06,-0.0066
GCAG,1883-05,-0.1455
GCAG,1883-04,-0.1746
GCAG,1883-03,-0.1326
GCAG,1883-02,-0.2915
GCAG,1883-01,-0.2707
GCAG,1882-12,-0.1705
GCAG,1882-11,-0.1279
GCAG,1882-10,-0.2101
GCAG,1882-09,0.0077
GCAG,1882-08,-0.0037
GCAG,1882-07,-0.0666
GCAG,1882-06,-0.1391
GCAG,1882-05,-0.1459
GCAG,1882-04,-0.1241
GCAG,1882-03,0.0754
GCAG,1882-02,0.0385
GCAG,1882-01,0.0883
GCAG,1881-12,-0.0439
GCAG,1881-11,-0.2194
GCAG,1881-10,-0.2207
GCAG,1881-09,-0.1824
GCAG,1881-08,-0.0519
GCAG,1881-07,-0.0329
GCAG,1881-06,-0.0892
GCAG,1881-05,0.0284
GCAG,1881-04,0.0734
GCAG,1881-03,0.0348
GCAG,1881-02,-0.0296
GCAG,1881-01,-0.0205
GCAG,1880-12,-0.0775
GCAG,1880-11,-0.2672
GCAG,1880-10,-0.1786
GCAG,1880-09,-0.0817
GCAG,1880-08,-0.0725
GCAG,1880-07,-0.1491
GCAG,1880-06,-0.1692
GCAG,1880-05,-0.0738
GCAG,1880-04,-0.0499
GCAG,1880-03,-0.1357
GCAG,1880-02,-0.1229
GCAG,1880-01,0.0009
GISTEMP,2016-12,0.81
GISTEMP,2016-11,0.93
GISTEMP,2016-10,0.89
GISTEMP,2016-09,0.87
GISTEMP,2016-08,0.98
GISTEMP,2016-07,0.83
GISTEMP,2016-06,0.76
GISTEMP,2016-05,0.93
GISTEMP,2016-04,1.09
GISTEMP,2016-03,1.3
GISTEMP,2016-02,1.35
GISTEMP,2016-01,1.17
GISTEMP,2015-12,1.11
GISTEMP,2015-11,1.04
GISTEMP,2015-10,1.06
GISTEMP,2015-09,0.81
GISTEMP,2015-08,0.78
GISTEMP,2015-07,0.71
GISTEMP,2015-06,0.78
GISTEMP,2015-05,0.78
GISTEMP,2015-04,0.74
GISTEMP,2015-03,0.9
GISTEMP,2015-02,0.86
GISTEMP,2015-01,0.81
GISTEMP,2014-12,0.79
GISTEMP,2014-11,0.67
GISTEMP,2014-10,0.85
GISTEMP,2014-09,0.9
GISTEMP,2014-08,0.82
GISTEMP,2014-07,0.57
GISTEMP,2014-06,0.66
GISTEMP,2014-05,0.87
GISTEMP,2014-04,0.78
GISTEMP,2014-03,0.77
GISTEMP,2014-02,0.51
GISTEMP,2014-01,0.73
GISTEMP,2013-12,0.67
GISTEMP,2013-11,0.81
GISTEMP,2013-10,0.69
GISTEMP,2013-09,0.78
GISTEMP,2013-08,0.66
GISTEMP,2013-07,0.59
GISTEMP,2013-06,0.65
GISTEMP,2013-05,0.61
GISTEMP,2013-04,0.52
GISTEMP,2013-03,0.66
GISTEMP,2013-02,0.55
GISTEMP,2013-01,0.68
GISTEMP,2012-12,0.53
GISTEMP,2012-11,0.75
GISTEMP,2012-10,0.78
GISTEMP,2012-09,0.76
GISTEMP,2012-08,0.63
GISTEMP,2012-07,0.57
GISTEMP,2012-06,0.62
GISTEMP,2012-05,0.76
GISTEMP,2012-04,0.69
GISTEMP,2012-03,0.58
GISTEMP,2012-02,0.49
GISTEMP,2012-01,0.46
GISTEMP,2011-12,0.54
GISTEMP,2011-11,0.56
GISTEMP,2011-10,0.66
GISTEMP,2011-09,0.56
GISTEMP,2011-08,0.73
GISTEMP,2011-07,0.73
GISTEMP,2011-06,0.59
GISTEMP,2011-05,0.53
GISTEMP,2011-04,0.65
GISTEMP,2011-03,0.64
GISTEMP,2011-02,0.53
GISTEMP,2011-01,0.51
GISTEMP,2010-12,0.49
GISTEMP,2010-11,0.79
GISTEMP,2010-10,0.71
GISTEMP,2010-09,0.61
GISTEMP,2010-08,0.65
GISTEMP,2010-07,0.62
GISTEMP,2010-06,0.64
GISTEMP,2010-05,0.75
GISTEMP,2010-04,0.87
GISTEMP,2010-03,0.92
GISTEMP,2010-02,0.78
GISTEMP,2010-01,0.73
GISTEMP,2009-12,0.65
GISTEMP,2009-11,0.77
GISTEMP,2009-10,0.64
GISTEMP,2009-09,0.7
GISTEMP,2009-08,0.66
GISTEMP,2009-07,0.72
GISTEMP,2009-06,0.65
GISTEMP,2009-05,0.65
GISTEMP,2009-04,0.61
GISTEMP,2009-03,0.53
GISTEMP,2009-02,0.53
GISTEMP,2009-01,0.62
GISTEMP,2008-12,0.54
GISTEMP,2008-11,0.66
GISTEMP,2008-10,0.67
GISTEMP,2008-09,0.65
GISTEMP,2008-08,0.44
GISTEMP,2008-07,0.6
GISTEMP,2008-06,0.48
GISTEMP,2008-05,0.51
GISTEMP,2008-04,0.53
GISTEMP,2008-03,0.73
GISTEMP,2008-02,0.36
GISTEMP,2008-01,0.24
GISTEMP,2007-12,0.5
GISTEMP,2007-11,0.57
GISTEMP,2007-10,0.6
GISTEMP,2007-09,0.64
GISTEMP,2007-08,0.6
GISTEMP,2007-07,0.62
GISTEMP,2007-06,0.58
GISTEMP,2007-05,0.67
GISTEMP,2007-04,0.76
GISTEMP,2007-03,0.7
GISTEMP,2007-02,0.7
GISTEMP,2007-01,0.96
GISTEMP,2006-12,0.77
GISTEMP,2006-11,0.72
GISTEMP,2006-10,0.69
GISTEMP,2006-09,0.64
GISTEMP,2006-08,0.72
GISTEMP,2006-07,0.54
GISTEMP,2006-06,0.64
GISTEMP,2006-05,0.47
GISTEMP,2006-04,0.5
GISTEMP,2006-03,0.63
GISTEMP,2006-02,0.7
GISTEMP,2006-01,0.57
GISTEMP,2005-12,0.68
GISTEMP,2005-11,0.76
GISTEMP,2005-10,0.8
GISTEMP,2005-09,0.78
GISTEMP,2005-08,0.63
GISTEMP,2005-07,0.66
GISTEMP,2005-06,0.67
GISTEMP,2005-05,0.65
GISTEMP,2005-04,0.69
GISTEMP,2005-03,0.69
GISTEMP,2005-02,0.58
GISTEMP,2005-01,0.72
GISTEMP,2004-12,0.52
GISTEMP,2004-11,0.72
GISTEMP,2004-10,0.66
GISTEMP,2004-09,0.53
GISTEMP,2004-08,0.45
GISTEMP,2004-07,0.26
GISTEMP,2004-06,0.43
GISTEMP,2004-05,0.42
GISTEMP,2004-04,0.62
GISTEMP,2004-03,0.64
GISTEMP,2004-02,0.71
GISTEMP,2004-01,0.59
GISTEMP,2003-12,0.75
GISTEMP,2003-11,0.55
GISTEMP,2003-10,0.75
GISTEMP,2003-09,0.66
GISTEMP,2003-08,0.66
GISTEMP,2003-07,0.55
GISTEMP,2003-06,0.49
GISTEMP,2003-05,0.62
GISTEMP,2003-04,0.55
GISTEMP,2003-03,0.57
GISTEMP,2003-02,0.55
GISTEMP,2003-01,0.73
GISTEMP,2002-12,0.43
GISTEMP,2002-11,0.59
GISTEMP,2002-10,0.57
GISTEMP,2002-09,0.65
GISTEMP,2002-08,0.55
GISTEMP,2002-07,0.62
GISTEMP,2002-06,0.54
GISTEMP,2002-05,0.65
GISTEMP,2002-04,0.58
GISTEMP,2002-03,0.91
GISTEMP,2002-02,0.76
GISTEMP,2002-01,0.75
GISTEMP,2001-12,0.55
GISTEMP,2001-11,0.7
GISTEMP,2001-10,0.52
GISTEMP,2001-09,0.56
GISTEMP,2001-08,0.49
GISTEMP,2001-07,0.61
GISTEMP,2001-06,0.55
GISTEMP,2001-05,0.59
GISTEMP,2001-04,0.52
GISTEMP,2001-03,0.58
GISTEMP,2001-02,0.46
GISTEMP,2001-01,0.44
GISTEMP,2000-12,0.3
GISTEMP,2000-11,0.34
GISTEMP,2000-10,0.3
GISTEMP,2000-09,0.42
GISTEMP,2000-08,0.43
GISTEMP,2000-07,0.42
GISTEMP,2000-06,0.44
GISTEMP,2000-05,0.4
GISTEMP,2000-04,0.59
GISTEMP,2000-03,0.6
GISTEMP,2000-02,0.58
GISTEMP,2000-01,0.26
GISTEMP,1999-12,0.46
GISTEMP,1999-11,0.42
GISTEMP,1999-10,0.43
GISTEMP,1999-09,0.43
GISTEMP,1999-08,0.34
GISTEMP,1999-07,0.41
GISTEMP,1999-06,0.37
GISTEMP,1999-05,0.33
GISTEMP,1999-04,0.34
GISTEMP,1999-03,0.34
GISTEMP,1999-02,0.66
GISTEMP,1999-01,0.48
GISTEMP,1998-12,0.56
GISTEMP,1998-11,0.5
GISTEMP,1998-10,0.47
GISTEMP,1998-09,0.45
GISTEMP,1998-08,0.68
GISTEMP,1998-07,0.71
GISTEMP,1998-06,0.78
GISTEMP,1998-05,0.71
GISTEMP,1998-04,0.64
GISTEMP,1998-03,0.63
GISTEMP,1998-02,0.9
GISTEMP,1998-01,0.61
GISTEMP,1997-12,0.6
GISTEMP,1997-11,0.66
GISTEMP,1997-10,0.64
GISTEMP,1997-09,0.56
GISTEMP,1997-08,0.43
GISTEMP,1997-07,0.35
GISTEMP,1997-06,0.55
GISTEMP,1997-05,0.39
GISTEMP,1997-04,0.38
GISTEMP,1997-03,0.52
GISTEMP,1997-02,0.37
GISTEMP,1997-01,0.33
GISTEMP,1996-12,0.41
GISTEMP,1996-11,0.42
GISTEMP,1996-10,0.2
GISTEMP,1996-09,0.27
GISTEMP,1996-08,0.49
GISTEMP,1996-07,0.37
GISTEMP,1996-06,0.27
GISTEMP,1996-05,0.3
GISTEMP,1996-04,0.38
GISTEMP,1996-03,0.34
GISTEMP,1996-02,0.5
GISTEMP,1996-01,0.27
GISTEMP,1995-12,0.3
GISTEMP,1995-11,0.45
GISTEMP,1995-10,0.49
GISTEMP,1995-09,0.34
GISTEMP,1995-08,0.48
GISTEMP,1995-07,0.49
GISTEMP,1995-06,0.45
GISTEMP,1995-05,0.29
GISTEMP,1995-04,0.47
GISTEMP,1995-03,0.45
GISTEMP,1995-02,0.77
GISTEMP,1995-01,0.5
GISTEMP,1994-12,0.36
GISTEMP,1994-11,0.46
GISTEMP,1994-10,0.42
GISTEMP,1994-09,0.32
GISTEMP,1994-08,0.23
GISTEMP,1994-07,0.32
GISTEMP,1994-06,0.42
GISTEMP,1994-05,0.29
GISTEMP,1994-04,0.41
GISTEMP,1994-03,0.26
GISTEMP,1994-02,0.04
GISTEMP,1994-01,0.3
GISTEMP,1993-12,0.19
GISTEMP,1993-11,0.07
GISTEMP,1993-10,0.24
GISTEMP,1993-09,0.11
GISTEMP,1993-08,0.13
GISTEMP,1993-07,0.28
GISTEMP,1993-06,0.24
GISTEMP,1993-05,0.26
GISTEMP,1993-04,0.28
GISTEMP,1993-03,0.36
GISTEMP,1993-02,0.39
GISTEMP,1993-01,0.37
GISTEMP,1992-12,0.22
GISTEMP,1992-11,0.04
GISTEMP,1992-10,0.11
GISTEMP,1992-09,0.01
GISTEMP,1992-08,0.1
GISTEMP,1992-07,0.13
GISTEMP,1992-06,0.24
GISTEMP,1992-05,0.32
GISTEMP,1992-04,0.24
GISTEMP,1992-03,0.47
GISTEMP,1992-02,0.42
GISTEMP,1992-01,0.45
GISTEMP,1991-12,0.33
GISTEMP,1991-11,0.31
GISTEMP,1991-10,0.32
GISTEMP,1991-09,0.5
GISTEMP,1991-08,0.42
GISTEMP,1991-07,0.51
GISTEMP,1991-06,0.54
GISTEMP,1991-05,0.39
GISTEMP,1991-04,0.53
GISTEMP,1991-03,0.36
GISTEMP,1991-02,0.51
GISTEMP,1991-01,0.42
GISTEMP,1990-12,0.42
GISTEMP,1990-11,0.46
GISTEMP,1990-10,0.43
GISTEMP,1990-09,0.3
GISTEMP,1990-08,0.3
GISTEMP,1990-07,0.44
GISTEMP,1990-06,0.38
GISTEMP,1990-05,0.46
GISTEMP,1990-04,0.55
GISTEMP,1990-03,0.76
GISTEMP,1990-02,0.41
GISTEMP,1990-01,0.41
GISTEMP,1989-12,0.37
GISTEMP,1989-11,0.21
GISTEMP,1989-10,0.32
GISTEMP,1989-09,0.37
GISTEMP,1989-08,0.36
GISTEMP,1989-07,0.34
GISTEMP,1989-06,0.15
GISTEMP,1989-05,0.17
GISTEMP,1989-04,0.33
GISTEMP,1989-03,0.36
GISTEMP,1989-02,0.35
GISTEMP,1989-01,0.16
GISTEMP,1988-12,0.34
GISTEMP,1988-11,0.13
GISTEMP,1988-10,0.4
GISTEMP,1988-09,0.42
GISTEMP,1988-08,0.46
GISTEMP,1988-07,0.35
GISTEMP,1988-06,0.42
GISTEMP,1988-05,0.44
GISTEMP,1988-04,0.45
GISTEMP,1988-03,0.49
GISTEMP,1988-02,0.42
GISTEMP,1988-01,0.57
GISTEMP,1987-12,0.47
GISTEMP,1987-11,0.25
GISTEMP,1987-10,0.32
GISTEMP,1987-09,0.39
GISTEMP,1987-08,0.28
GISTEMP,1987-07,0.46
GISTEMP,1987-06,0.36
GISTEMP,1987-05,0.26
GISTEMP,1987-04,0.24
GISTEMP,1987-03,0.17
GISTEMP,1987-02,0.46
GISTEMP,1987-01,0.36
GISTEMP,1986-12,0.16
GISTEMP,1986-11,0.11
GISTEMP,1986-10,0.14
GISTEMP,1986-09,0.02
GISTEMP,1986-08,0.12
GISTEMP,1986-07,0.13
GISTEMP,1986-06,0.12
GISTEMP,1986-05,0.26
GISTEMP,1986-04,0.26
GISTEMP,1986-03,0.29
GISTEMP,1986-02,0.39
GISTEMP,1986-01,0.3
GISTEMP,1985-12,0.15
GISTEMP,1985-11,0.09
GISTEMP,1985-10,0.11
GISTEMP,1985-09,0.14
GISTEMP,1985-08,0.15
GISTEMP,1985-07,0
GISTEMP,1985-06,0.17
GISTEMP,1985-05,0.17
GISTEMP,1985-04,0.11
GISTEMP,1985-03,0.17
GISTEMP,1985-02,-0.06
GISTEMP,1985-01,0.21
GISTEMP,1984-12,-0.06
GISTEMP,1984-11,0.04
GISTEMP,1984-10,0.15
GISTEMP,1984-09,0.2
GISTEMP,1984-08,0.15
GISTEMP,1984-07,0.16
GISTEMP,1984-06,0.04
GISTEMP,1984-05,0.33
GISTEMP,1984-04,0.08
GISTEMP,1984-03,0.29
GISTEMP,1984-02,0.17
GISTEMP,1984-01,0.3
GISTEMP,1983-12,0.17
GISTEMP,1983-11,0.3
GISTEMP,1983-10,0.15
GISTEMP,1983-09,0.38
GISTEMP,1983-08,0.3
GISTEMP,1983-07,0.15
GISTEMP,1983-06,0.18
GISTEMP,1983-05,0.35
GISTEMP,1983-04,0.3
GISTEMP,1983-03,0.42
GISTEMP,1983-02,0.4
GISTEMP,1983-01,0.52
GISTEMP,1982-12,0.43
GISTEMP,1982-11,0.14
GISTEMP,1982-10,0.13
GISTEMP,1982-09,0.15
GISTEMP,1982-08,0.08
GISTEMP,1982-07,0.13
GISTEMP,1982-06,0.05
GISTEMP,1982-05,0.16
GISTEMP,1982-04,0.1
GISTEMP,1982-03,-0.01
GISTEMP,1982-02,0.14
GISTEMP,1982-01,0.09
GISTEMP,1981-12,0.4
GISTEMP,1981-11,0.21
GISTEMP,1981-10,0.13
GISTEMP,1981-09,0.17
GISTEMP,1981-08,0.35
GISTEMP,1981-07,0.35
GISTEMP,1981-06,0.31
GISTEMP,1981-05,0.25
GISTEMP,1981-04,0.32
GISTEMP,1981-03,0.48
GISTEMP,1981-02,0.41
GISTEMP,1981-01,0.56
GISTEMP,1980-12,0.21
GISTEMP,1980-11,0.3
GISTEMP,1980-10,0.2
GISTEMP,1980-09,0.21
GISTEMP,1980-08,0.24
GISTEMP,1980-07,0.28
GISTEMP,1980-06,0.16
GISTEMP,1980-05,0.34
GISTEMP,1980-04,0.32
GISTEMP,1980-03,0.29
GISTEMP,1980-02,0.42
GISTEMP,1980-01,0.3
GISTEMP,1979-12,0.47
GISTEMP,1979-11,0.29
GISTEMP,1979-10,0.26
GISTEMP,1979-09,0.27
GISTEMP,1979-08,0.14
GISTEMP,1979-07,0.03
GISTEMP,1979-06,0.14
GISTEMP,1979-05,0.06
GISTEMP,1979-04,0.13
GISTEMP,1979-03,0.19
GISTEMP,1979-02,-0.09
GISTEMP,1979-01,0.14
GISTEMP,1978-12,0.11
GISTEMP,1978-11,0.16
GISTEMP,1978-10,0
GISTEMP,1978-09,0.05
GISTEMP,1978-08,-0.18
GISTEMP,1978-07,0.07
GISTEMP,1978-06,-0.03
GISTEMP,1978-05,0.07
GISTEMP,1978-04,0.15
GISTEMP,1978-03,0.21
GISTEMP,1978-02,0.14
GISTEMP,1978-01,0.08
GISTEMP,1977-12,0.05
GISTEMP,1977-11,0.2
GISTEMP,1977-10,0.04
GISTEMP,1977-09,0.02
GISTEMP,1977-08,0.19
GISTEMP,1977-07,0.23
GISTEMP,1977-06,0.25
GISTEMP,1977-05,0.3
GISTEMP,1977-04,0.27
GISTEMP,1977-03,0.25
GISTEMP,1977-02,0.2
GISTEMP,1977-01,0.18
GISTEMP,1976-12,0.09
GISTEMP,1976-11,-0.06
GISTEMP,1976-10,-0.26
GISTEMP,1976-09,-0.09
GISTEMP,1976-08,-0.18
GISTEMP,1976-07,-0.12
GISTEMP,1976-06,-0.15
GISTEMP,1976-05,-0.23
GISTEMP,1976-04,-0.1
GISTEMP,1976-03,-0.21
GISTEMP,1976-02,-0.06
GISTEMP,1976-01,0
GISTEMP,1975-12,-0.17
GISTEMP,1975-11,-0.16
GISTEMP,1975-10,-0.09
GISTEMP,1975-09,-0.03
GISTEMP,1975-08,-0.2
GISTEMP,1975-07,-0.03
GISTEMP,1975-06,-0.02
GISTEMP,1975-05,0.16
GISTEMP,1975-04,0.06
GISTEMP,1975-03,0.14
GISTEMP,1975-02,0.07
GISTEMP,1975-01,0.07
GISTEMP,1974-12,-0.09
GISTEMP,1974-11,-0.07
GISTEMP,1974-10,-0.07
GISTEMP,1974-09,-0.12
GISTEMP,1974-08,0.12
GISTEMP,1974-07,-0.03
GISTEMP,1974-06,-0.05
GISTEMP,1974-05,-0.01
GISTEMP,1974-04,-0.1
GISTEMP,1974-03,-0.05
GISTEMP,1974-02,-0.28
GISTEMP,1974-01,-0.14
GISTEMP,1973-12,-0.06
GISTEMP,1973-11,0.06
GISTEMP,1973-10,0.12
GISTEMP,1973-09,0.06
GISTEMP,1973-08,0.02
GISTEMP,1973-07,0.09
GISTEMP,1973-06,0.16
GISTEMP,1973-05,0.26
GISTEMP,1973-04,0.25
GISTEMP,1973-03,0.26
GISTEMP,1973-02,0.3
GISTEMP,1973-01,0.28
GISTEMP,1972-12,0.18
GISTEMP,1972-11,0.03
GISTEMP,1972-10,0.09
GISTEMP,1972-09,0.03
GISTEMP,1972-08,0.18
GISTEMP,1972-07,0.02
GISTEMP,1972-06,0.04
GISTEMP,1972-05,-0.03
GISTEMP,1972-04,-0.01
GISTEMP,1972-03,0.02
GISTEMP,1972-02,-0.17
GISTEMP,1972-01,-0.24
GISTEMP,1971-12,-0.08
GISTEMP,1971-11,-0.04
GISTEMP,1971-10,-0.05
GISTEMP,1971-09,-0.01
GISTEMP,1971-08,-0.03
GISTEMP,1971-07,-0.12
GISTEMP,1971-06,-0.18
GISTEMP,1971-05,-0.06
GISTEMP,1971-04,-0.09
GISTEMP,1971-03,-0.18
GISTEMP,1971-02,-0.2
GISTEMP,1971-01,-0.02
GISTEMP,1970-12,-0.13
GISTEMP,1970-11,0.01
GISTEMP,1970-10,0.05
GISTEMP,1970-09,0.11
GISTEMP,1970-08,-0.11
GISTEMP,1970-07,-0.04
GISTEMP,1970-06,-0.03
GISTEMP,1970-05,-0.05
GISTEMP,1970-04,0.09
GISTEMP,1970-03,0.08
GISTEMP,1970-02,0.22
GISTEMP,1970-01,0.09
GISTEMP,1969-12,0.27
GISTEMP,1969-11,0.12
GISTEMP,1969-10,0.11
GISTEMP,1969-09,0.1
GISTEMP,1969-08,0.03
GISTEMP,1969-07,-0.01
GISTEMP,1969-06,0.05
GISTEMP,1969-05,0.2
GISTEMP,1969-04,0.19
GISTEMP,1969-03,0
GISTEMP,1969-02,-0.14
GISTEMP,1969-01,-0.11
GISTEMP,1968-12,-0.14
GISTEMP,1968-11,-0.04
GISTEMP,1968-10,0.12
GISTEMP,1968-09,-0.18
GISTEMP,1968-08,-0.11
GISTEMP,1968-07,-0.11
GISTEMP,1968-06,-0.06
GISTEMP,1968-05,-0.1
GISTEMP,1968-04,-0.05
GISTEMP,1968-03,0.21
GISTEMP,1968-02,-0.15
GISTEMP,1968-01,-0.23
GISTEMP,1967-12,-0.02
GISTEMP,1967-11,-0.06
GISTEMP,1967-10,0.06
GISTEMP,1967-09,-0.04
GISTEMP,1967-08,0.02
GISTEMP,1967-07,0.01
GISTEMP,1967-06,-0.08
GISTEMP,1967-05,0.14
GISTEMP,1967-04,-0.05
GISTEMP,1967-03,0.03
GISTEMP,1967-02,-0.2
GISTEMP,1967-01,-0.06
GISTEMP,1966-12,-0.06
GISTEMP,1966-11,-0.02
GISTEMP,1966-10,-0.15
GISTEMP,1966-09,-0.01
GISTEMP,1966-08,-0.1
GISTEMP,1966-07,0.09
GISTEMP,1966-06,0.02
GISTEMP,1966-05,-0.1
GISTEMP,1966-04,-0.13
GISTEMP,1966-03,0.04
GISTEMP,1966-02,0
GISTEMP,1966-01,-0.16
GISTEMP,1965-12,-0.05
GISTEMP,1965-11,-0.06
GISTEMP,1965-10,-0.04
GISTEMP,1965-09,-0.15
GISTEMP,1965-08,-0.01
GISTEMP,1965-07,-0.12
GISTEMP,1965-06,-0.08
GISTEMP,1965-05,-0.14
GISTEMP,1965-04,-0.2
GISTEMP,1965-03,-0.11
GISTEMP,1965-02,-0.17
GISTEMP,1965-01,-0.09
GISTEMP,1964-12,-0.3
GISTEMP,1964-11,-0.21
GISTEMP,1964-10,-0.3
GISTEMP,1964-09,-0.28
GISTEMP,1964-08,-0.2
GISTEMP,1964-07,-0.07
GISTEMP,1964-06,-0.07
GISTEMP,1964-05,-0.25
GISTEMP,1964-04,-0.3
GISTEMP,1964-03,-0.22
GISTEMP,1964-02,-0.12
GISTEMP,1964-01,-0.06
GISTEMP,1963-12,0
GISTEMP,1963-11,0.15
GISTEMP,1963-10,0.15
GISTEMP,1963-09,0.2
GISTEMP,1963-08,0.25
GISTEMP,1963-07,0.08
GISTEMP,1963-06,0.03
GISTEMP,1963-05,-0.09
GISTEMP,1963-04,-0.05
GISTEMP,1963-03,-0.13
GISTEMP,1963-02,0.19
GISTEMP,1963-01,-0.03
GISTEMP,1962-12,-0.01
GISTEMP,1962-11,0.06
GISTEMP,1962-10,-0.03
GISTEMP,1962-09,-0.01
GISTEMP,1962-08,-0.02
GISTEMP,1962-07,-0.02
GISTEMP,1962-06,0.06
GISTEMP,1962-05,-0.06
GISTEMP,1962-04,0.05
GISTEMP,1962-03,0.12
GISTEMP,1962-02,0.14
GISTEMP,1962-01,0.08
GISTEMP,1961-12,-0.15
GISTEMP,1961-11,0.03
GISTEMP,1961-10,0
GISTEMP,1961-09,0.05
GISTEMP,1961-08,0.02
GISTEMP,1961-07,-0.03
GISTEMP,1961-06,0.12
GISTEMP,1961-05,0.13
GISTEMP,1961-04,0.15
GISTEMP,1961-03,0.09
GISTEMP,1961-02,0.18
GISTEMP,1961-01,0.07
GISTEMP,1960-12,0.18
GISTEMP,1960-11,-0.11
GISTEMP,1960-10,0.07
GISTEMP,1960-09,0.05
GISTEMP,1960-08,-0.01
GISTEMP,1960-07,-0.02
GISTEMP,1960-06,0.01
GISTEMP,1960-05,-0.08
GISTEMP,1960-04,-0.16
GISTEMP,1960-03,-0.36
GISTEMP,1960-02,0.14
GISTEMP,1960-01,-0.01
GISTEMP,1959-12,-0.03
GISTEMP,1959-11,-0.09
GISTEMP,1959-10,-0.09
GISTEMP,1959-09,-0.06
GISTEMP,1959-08,-0.01
GISTEMP,1959-07,0.06
GISTEMP,1959-06,0.02
GISTEMP,1959-05,0.06
GISTEMP,1959-04,0.16
GISTEMP,1959-03,0.19
GISTEMP,1959-02,0.09
GISTEMP,1959-01,0.06
GISTEMP,1958-12,0.01
GISTEMP,1958-11,0.02
GISTEMP,1958-10,0.04
GISTEMP,1958-09,-0.03
GISTEMP,1958-08,-0.06
GISTEMP,1958-07,0.06
GISTEMP,1958-06,-0.05
GISTEMP,1958-05,0.08
GISTEMP,1958-04,0.01
GISTEMP,1958-03,0.1
GISTEMP,1958-02,0.24
GISTEMP,1958-01,0.39
GISTEMP,1957-12,0.16
GISTEMP,1957-11,0.07
GISTEMP,1957-10,0.01
GISTEMP,1957-09,0.06
GISTEMP,1957-08,0.14
GISTEMP,1957-07,0.01
GISTEMP,1957-06,0.16
GISTEMP,1957-05,0.08
GISTEMP,1957-04,-0.04
GISTEMP,1957-03,-0.05
GISTEMP,1957-02,-0.05
GISTEMP,1957-01,-0.14
GISTEMP,1956-12,-0.1
GISTEMP,1956-11,-0.17
GISTEMP,1956-10,-0.24
GISTEMP,1956-09,-0.22
GISTEMP,1956-08,-0.25
GISTEMP,1956-07,-0.12
GISTEMP,1956-06,-0.15
GISTEMP,1956-05,-0.28
GISTEMP,1956-04,-0.26
GISTEMP,1956-03,-0.23
GISTEMP,1956-02,-0.25
GISTEMP,1956-01,-0.17
GISTEMP,1955-12,-0.32
GISTEMP,1955-11,-0.28
GISTEMP,1955-10,-0.05
GISTEMP,1955-09,-0.13
GISTEMP,1955-08,0.04
GISTEMP,1955-07,-0.09
GISTEMP,1955-06,-0.08
GISTEMP,1955-05,-0.2
GISTEMP,1955-04,-0.23
GISTEMP,1955-03,-0.36
GISTEMP,1955-02,-0.21
GISTEMP,1955-01,0.11
GISTEMP,1954-12,-0.18
GISTEMP,1954-11,0.08
GISTEMP,1954-10,-0.01
GISTEMP,1954-09,-0.07
GISTEMP,1954-08,-0.13
GISTEMP,1954-07,-0.16
GISTEMP,1954-06,-0.16
GISTEMP,1954-05,-0.2
GISTEMP,1954-04,-0.18
GISTEMP,1954-03,-0.12
GISTEMP,1954-02,-0.1
GISTEMP,1954-01,-0.28
GISTEMP,1953-12,0.03
GISTEMP,1953-11,-0.05
GISTEMP,1953-10,0.05
GISTEMP,1953-09,0.06
GISTEMP,1953-08,0.08
GISTEMP,1953-07,0.02
GISTEMP,1953-06,0.08
GISTEMP,1953-05,0.08
GISTEMP,1953-04,0.2
GISTEMP,1953-03,0.11
GISTEMP,1953-02,0.16
GISTEMP,1953-01,0.09
GISTEMP,1952-12,-0.02
GISTEMP,1952-11,-0.17
GISTEMP,1952-10,-0.04
GISTEMP,1952-09,0.08
GISTEMP,1952-08,0.07
GISTEMP,1952-07,0.05
GISTEMP,1952-06,-0.04
GISTEMP,1952-05,-0.05
GISTEMP,1952-04,0.02
GISTEMP,1952-03,-0.1
GISTEMP,1952-02,0.12
GISTEMP,1952-01,0.16
GISTEMP,1951-12,0.15
GISTEMP,1951-11,0
GISTEMP,1951-10,0.06
GISTEMP,1951-09,0.07
GISTEMP,1951-08,0.05
GISTEMP,1951-07,0
GISTEMP,1951-06,-0.05
GISTEMP,1951-05,-0.02
GISTEMP,1951-04,-0.1
GISTEMP,1951-03,-0.19
GISTEMP,1951-02,-0.44
GISTEMP,1951-01,-0.35
GISTEMP,1950-12,-0.2
GISTEMP,1950-11,-0.35
GISTEMP,1950-10,-0.2
GISTEMP,1950-09,-0.1
GISTEMP,1950-08,-0.18
GISTEMP,1950-07,-0.09
GISTEMP,1950-06,-0.06
GISTEMP,1950-05,-0.12
GISTEMP,1950-04,-0.21
GISTEMP,1950-03,-0.06
GISTEMP,1950-02,-0.26
GISTEMP,1950-01,-0.3
GISTEMP,1949-12,-0.19
GISTEMP,1949-11,-0.08
GISTEMP,1949-10,-0.03
GISTEMP,1949-09,-0.08
GISTEMP,1949-08,-0.08
GISTEMP,1949-07,-0.13
GISTEMP,1949-06,-0.22
GISTEMP,1949-05,-0.09
GISTEMP,1949-04,-0.07
GISTEMP,1949-03,-0.01
GISTEMP,1949-02,-0.16
GISTEMP,1949-01,0.09
GISTEMP,1948-12,-0.23
GISTEMP,1948-11,-0.08
GISTEMP,1948-10,-0.07
GISTEMP,1948-09,-0.1
GISTEMP,1948-08,-0.1
GISTEMP,1948-07,-0.13
GISTEMP,1948-06,-0.05
GISTEMP,1948-05,0.08
GISTEMP,1948-04,-0.09
GISTEMP,1948-03,-0.23
GISTEMP,1948-02,-0.13
GISTEMP,1948-01,0.05
GISTEMP,1947-12,-0.18
GISTEMP,1947-11,-0.01
GISTEMP,1947-10,0.06
GISTEMP,1947-09,-0.14
GISTEMP,1947-08,-0.08
GISTEMP,1947-07,-0.06
GISTEMP,1947-06,0
GISTEMP,1947-05,-0.06
GISTEMP,1947-04,0.04
GISTEMP,1947-03,0.05
GISTEMP,1947-02,-0.08
GISTEMP,1947-01,-0.13
GISTEMP,1946-12,-0.29
GISTEMP,1946-11,-0.02
GISTEMP,1946-10,-0.06
GISTEMP,1946-09,-0.02
GISTEMP,1946-08,-0.08
GISTEMP,1946-07,-0.09
GISTEMP,1946-06,-0.17
GISTEMP,1946-05,-0.04
GISTEMP,1946-04,0.11
GISTEMP,1946-03,0
GISTEMP,1946-02,0.06
GISTEMP,1946-01,0.15
GISTEMP,1945-12,-0.1
GISTEMP,1945-11,0.1
GISTEMP,1945-10,0.22
GISTEMP,1945-09,0.22
GISTEMP,1945-08,0.25
GISTEMP,1945-07,0.07
GISTEMP,1945-06,0.02
GISTEMP,1945-05,0.1
GISTEMP,1945-04,0.24
GISTEMP,1945-03,0.11
GISTEMP,1945-02,0.02
GISTEMP,1945-01,0.13
GISTEMP,1944-12,0.05
GISTEMP,1944-11,0.12
GISTEMP,1944-10,0.27
GISTEMP,1944-09,0.31
GISTEMP,1944-08,0.23
GISTEMP,1944-07,0.23
GISTEMP,1944-06,0.22
GISTEMP,1944-05,0.26
GISTEMP,1944-04,0.27
GISTEMP,1944-03,0.34
GISTEMP,1944-02,0.31
GISTEMP,1944-01,0.41
GISTEMP,1943-12,0.28
GISTEMP,1943-11,0.25
GISTEMP,1943-10,0.3
GISTEMP,1943-09,0.11
GISTEMP,1943-08,0.03
GISTEMP,1943-07,0.14
GISTEMP,1943-06,-0.01
GISTEMP,1943-05,0.1
GISTEMP,1943-04,0.13
GISTEMP,1943-03,0.01
GISTEMP,1943-02,0.22
GISTEMP,1943-01,-0.01
GISTEMP,1942-12,0.12
GISTEMP,1942-11,0.13
GISTEMP,1942-10,0.06
GISTEMP,1942-09,0
GISTEMP,1942-08,-0.03
GISTEMP,1942-07,0.02
GISTEMP,1942-06,0.11
GISTEMP,1942-05,0.14
GISTEMP,1942-04,0.14
GISTEMP,1942-03,0.13
GISTEMP,1942-02,0.05
GISTEMP,1942-01,0.26
GISTEMP,1941-12,0.14
GISTEMP,1941-11,0.12
GISTEMP,1941-10,0.24
GISTEMP,1941-09,0.02
GISTEMP,1941-08,0.14
GISTEMP,1941-07,0.15
GISTEMP,1941-06,0.04
GISTEMP,1941-05,0.1
GISTEMP,1941-04,0.11
GISTEMP,1941-03,0.06
GISTEMP,1941-02,0.23
GISTEMP,1941-01,0.13
GISTEMP,1940-12,0.19
GISTEMP,1940-11,0.13
GISTEMP,1940-10,0.07
GISTEMP,1940-09,0.12
GISTEMP,1940-08,0.01
GISTEMP,1940-07,0.1
GISTEMP,1940-06,0.05
GISTEMP,1940-05,0.05
GISTEMP,1940-04,0.16
GISTEMP,1940-03,0.12
GISTEMP,1940-02,0.06
GISTEMP,1940-01,-0.15
GISTEMP,1939-12,0.4
GISTEMP,1939-11,0.06
GISTEMP,1939-10,-0.03
GISTEMP,1939-09,0
GISTEMP,1939-08,-0.05
GISTEMP,1939-07,-0.06
GISTEMP,1939-06,-0.08
GISTEMP,1939-05,-0.07
GISTEMP,1939-04,-0.12
GISTEMP,1939-03,-0.2
GISTEMP,1939-02,-0.12
GISTEMP,1939-01,-0.13
GISTEMP,1938-12,-0.26
GISTEMP,1938-11,0.01
GISTEMP,1938-10,0.11
GISTEMP,1938-09,0.03
GISTEMP,1938-08,-0.04
GISTEMP,1938-07,-0.09
GISTEMP,1938-06,-0.17
GISTEMP,1938-05,-0.07
GISTEMP,1938-04,0.05
GISTEMP,1938-03,0.05
GISTEMP,1938-02,-0.04
GISTEMP,1938-01,0
GISTEMP,1937-12,-0.12
GISTEMP,1937-11,0.09
GISTEMP,1937-10,0.1
GISTEMP,1937-09,0.14
GISTEMP,1937-08,0.03
GISTEMP,1937-07,-0.05
GISTEMP,1937-06,-0.08
GISTEMP,1937-05,-0.07
GISTEMP,1937-04,-0.17
GISTEMP,1937-03,-0.17
GISTEMP,1937-02,0.05
GISTEMP,1937-01,-0.11
GISTEMP,1936-12,-0.04
GISTEMP,1936-11,-0.05
GISTEMP,1936-10,-0.04
GISTEMP,1936-09,-0.06
GISTEMP,1936-08,-0.12
GISTEMP,1936-07,-0.06
GISTEMP,1936-06,-0.19
GISTEMP,1936-05,-0.17
GISTEMP,1936-04,-0.2
GISTEMP,1936-03,-0.23
GISTEMP,1936-02,-0.39
GISTEMP,1936-01,-0.29
GISTEMP,1935-12,-0.22
GISTEMP,1935-11,-0.29
GISTEMP,1935-10,-0.08
GISTEMP,1935-09,-0.17
GISTEMP,1935-08,-0.17
GISTEMP,1935-07,-0.19
GISTEMP,1935-06,-0.23
GISTEMP,1935-05,-0.26
GISTEMP,1935-04,-0.35
GISTEMP,1935-03,-0.13
GISTEMP,1935-02,0.11
GISTEMP,1935-01,-0.37
GISTEMP,1934-12,-0.09
GISTEMP,1934-11,-0.01
GISTEMP,1934-10,-0.11
GISTEMP,1934-09,-0.16
GISTEMP,1934-08,-0.1
GISTEMP,1934-07,-0.11
GISTEMP,1934-06,-0.14
GISTEMP,1934-05,-0.11
GISTEMP,1934-04,-0.27
GISTEMP,1934-03,-0.31
GISTEMP,1934-02,-0.04
GISTEMP,1934-01,-0.27
GISTEMP,1933-12,-0.47
GISTEMP,1933-11,-0.31
GISTEMP,1933-10,-0.24
GISTEMP,1933-09,-0.26
GISTEMP,1933-08,-0.23
GISTEMP,1933-07,-0.2
GISTEMP,1933-06,-0.32
GISTEMP,1933-05,-0.25
GISTEMP,1933-04,-0.23
GISTEMP,1933-03,-0.29
GISTEMP,1933-02,-0.32
GISTEMP,1933-01,-0.34
GISTEMP,1932-12,-0.22
GISTEMP,1932-11,-0.26
GISTEMP,1932-10,-0.1
GISTEMP,1932-09,-0.11
GISTEMP,1932-08,-0.24
GISTEMP,1932-07,-0.24
GISTEMP,1932-06,-0.3
GISTEMP,1932-05,-0.22
GISTEMP,1932-04,-0.07
GISTEMP,1932-03,-0.2
GISTEMP,1932-02,-0.18
GISTEMP,1932-01,0.13
GISTEMP,1931-12,-0.1
GISTEMP,1931-11,-0.12
GISTEMP,1931-10,0
GISTEMP,1931-09,-0.06
GISTEMP,1931-08,0
GISTEMP,1931-07,0.01
GISTEMP,1931-06,-0.06
GISTEMP,1931-05,-0.22
GISTEMP,1931-04,-0.21
GISTEMP,1931-03,-0.06
GISTEMP,1931-02,-0.22
GISTEMP,1931-01,-0.1
GISTEMP,1930-12,-0.09
GISTEMP,1930-11,0.14
GISTEMP,1930-10,-0.08
GISTEMP,1930-09,-0.11
GISTEMP,1930-08,-0.11
GISTEMP,1930-07,-0.17
GISTEMP,1930-06,-0.19
GISTEMP,1930-05,-0.25
GISTEMP,1930-04,-0.26
GISTEMP,1930-03,-0.08
GISTEMP,1930-02,-0.24
GISTEMP,1930-01,-0.29
GISTEMP,1929-12,-0.55
GISTEMP,1929-11,-0.14
GISTEMP,1929-10,-0.15
GISTEMP,1929-09,-0.23
GISTEMP,1929-08,-0.29
GISTEMP,1929-07,-0.33
GISTEMP,1929-06,-0.43
GISTEMP,1929-05,-0.39
GISTEMP,1929-04,-0.4
GISTEMP,1929-03,-0.34
GISTEMP,1929-02,-0.61
GISTEMP,1929-01,-0.47
GISTEMP,1928-12,-0.2
GISTEMP,1928-11,-0.09
GISTEMP,1928-10,-0.19
GISTEMP,1928-09,-0.2
GISTEMP,1928-08,-0.25
GISTEMP,1928-07,-0.21
GISTEMP,1928-06,-0.41
GISTEMP,1928-05,-0.3
GISTEMP,1928-04,-0.29
GISTEMP,1928-03,-0.28
GISTEMP,1928-02,-0.12
GISTEMP,1928-01,-0.04
GISTEMP,1927-12,-0.36
GISTEMP,1927-11,-0.04
GISTEMP,1927-10,-0.01
GISTEMP,1927-09,-0.06
GISTEMP,1927-08,-0.19
GISTEMP,1927-07,-0.15
GISTEMP,1927-06,-0.27
GISTEMP,1927-05,-0.25
GISTEMP,1927-04,-0.31
GISTEMP,1927-03,-0.39
GISTEMP,1927-02,-0.21
GISTEMP,1927-01,-0.28
GISTEMP,1926-12,-0.3
GISTEMP,1926-11,-0.06
GISTEMP,1926-10,-0.11
GISTEMP,1926-09,-0.11
GISTEMP,1926-08,-0.11
GISTEMP,1926-07,-0.21
GISTEMP,1926-06,-0.25
GISTEMP,1926-05,-0.25
GISTEMP,1926-04,-0.15
GISTEMP,1926-03,0.12
GISTEMP,1926-02,0.07
GISTEMP,1926-01,0.2
GISTEMP,1925-12,0.11
GISTEMP,1925-11,0.03
GISTEMP,1925-10,-0.17
GISTEMP,1925-09,-0.13
GISTEMP,1925-08,-0.19
GISTEMP,1925-07,-0.3
GISTEMP,1925-06,-0.34
GISTEMP,1925-05,-0.3
GISTEMP,1925-04,-0.25
GISTEMP,1925-03,-0.24
GISTEMP,1925-02,-0.35
GISTEMP,1925-01,-0.34
GISTEMP,1924-12,-0.43
GISTEMP,1924-11,-0.23
GISTEMP,1924-10,-0.36
GISTEMP,1924-09,-0.3
GISTEMP,1924-08,-0.35
GISTEMP,1924-07,-0.27
GISTEMP,1924-06,-0.28
GISTEMP,1924-05,-0.19
GISTEMP,1924-04,-0.35
GISTEMP,1924-03,-0.12
GISTEMP,1924-02,-0.27
GISTEMP,1924-01,-0.24
GISTEMP,1923-12,-0.06
GISTEMP,1923-11,0.03
GISTEMP,1923-10,-0.13
GISTEMP,1923-09,-0.28
GISTEMP,1923-08,-0.3
GISTEMP,1923-07,-0.29
GISTEMP,1923-06,-0.24
GISTEMP,1923-05,-0.33
GISTEMP,1923-04,-0.38
GISTEMP,1923-03,-0.32
GISTEMP,1923-02,-0.37
GISTEMP,1923-01,-0.27
GISTEMP,1922-12,-0.17
GISTEMP,1922-11,-0.17
GISTEMP,1922-10,-0.33
GISTEMP,1922-09,-0.29
GISTEMP,1922-08,-0.31
GISTEMP,1922-07,-0.27
GISTEMP,1922-06,-0.32
GISTEMP,1922-05,-0.34
GISTEMP,1922-04,-0.22
GISTEMP,1922-03,-0.13
GISTEMP,1922-02,-0.44
GISTEMP,1922-01,-0.34
GISTEMP,1921-12,-0.18
GISTEMP,1921-11,-0.16
GISTEMP,1921-10,-0.06
GISTEMP,1921-09,-0.16
GISTEMP,1921-08,-0.24
GISTEMP,1921-07,-0.16
GISTEMP,1921-06,-0.31
GISTEMP,1921-05,-0.36
GISTEMP,1921-04,-0.36
GISTEMP,1921-03,-0.28
GISTEMP,1921-02,-0.21
GISTEMP,1921-01,-0.04
GISTEMP,1920-12,-0.47
GISTEMP,1920-11,-0.33
GISTEMP,1920-10,-0.29
GISTEMP,1920-09,-0.2
GISTEMP,1920-08,-0.29
GISTEMP,1920-07,-0.32
GISTEMP,1920-06,-0.33
GISTEMP,1920-05,-0.26
GISTEMP,1920-04,-0.26
GISTEMP,1920-03,-0.08
GISTEMP,1920-02,-0.22
GISTEMP,1920-01,-0.15
GISTEMP,1919-12,-0.35
GISTEMP,1919-11,-0.29
GISTEMP,1919-10,-0.16
GISTEMP,1919-09,-0.17
GISTEMP,1919-08,-0.19
GISTEMP,1919-07,-0.21
GISTEMP,1919-06,-0.28
GISTEMP,1919-05,-0.2
GISTEMP,1919-04,-0.17
GISTEMP,1919-03,-0.25
GISTEMP,1919-02,-0.19
GISTEMP,1919-01,-0.21
GISTEMP,1918-12,-0.3
GISTEMP,1918-11,-0.16
GISTEMP,1918-10,-0.03
GISTEMP,1918-09,-0.14
GISTEMP,1918-08,-0.26
GISTEMP,1918-07,-0.22
GISTEMP,1918-06,-0.28
GISTEMP,1918-05,-0.37
GISTEMP,1918-04,-0.4
GISTEMP,1918-03,-0.21
GISTEMP,1918-02,-0.33
GISTEMP,1918-01,-0.44
GISTEMP,1917-12,-0.71
GISTEMP,1917-11,-0.29
GISTEMP,1917-10,-0.35
GISTEMP,1917-09,-0.18
GISTEMP,1917-08,-0.26
GISTEMP,1917-07,-0.23
GISTEMP,1917-06,-0.4
GISTEMP,1917-05,-0.48
GISTEMP,1917-04,-0.38
GISTEMP,1917-03,-0.47
GISTEMP,1917-02,-0.53
GISTEMP,1917-01,-0.46
GISTEMP,1916-12,-0.78
GISTEMP,1916-11,-0.42
GISTEMP,1916-10,-0.28
GISTEMP,1916-09,-0.29
GISTEMP,1916-08,-0.27
GISTEMP,1916-07,-0.34
GISTEMP,1916-06,-0.44
GISTEMP,1916-05,-0.27
GISTEMP,1916-04,-0.25
GISTEMP,1916-03,-0.31
GISTEMP,1916-02,-0.23
GISTEMP,1916-01,-0.2
GISTEMP,1915-12,-0.25
GISTEMP,1915-11,-0.12
GISTEMP,1915-10,-0.22
GISTEMP,1915-09,-0.12
GISTEMP,1915-08,-0.15
GISTEMP,1915-07,-0.03
GISTEMP,1915-06,-0.16
GISTEMP,1915-05,-0.01
GISTEMP,1915-04,0.07
GISTEMP,1915-03,-0.08
GISTEMP,1915-02,-0.01
GISTEMP,1915-01,-0.2
GISTEMP,1914-12,-0.1
GISTEMP,1914-11,-0.2
GISTEMP,1914-10,-0.05
GISTEMP,1914-09,-0.13
GISTEMP,1914-08,-0.15
GISTEMP,1914-07,-0.24
GISTEMP,1914-06,-0.22
GISTEMP,1914-05,-0.19
GISTEMP,1914-04,-0.28
GISTEMP,1914-03,-0.23
GISTEMP,1914-02,-0.13
GISTEMP,1914-01,0.02
GISTEMP,1913-12,-0.04
GISTEMP,1913-11,-0.18
GISTEMP,1913-10,-0.34
GISTEMP,1913-09,-0.32
GISTEMP,1913-08,-0.32
GISTEMP,1913-07,-0.34
GISTEMP,1913-06,-0.46
GISTEMP,1913-05,-0.45
GISTEMP,1913-04,-0.36
GISTEMP,1913-03,-0.44
GISTEMP,1913-02,-0.44
GISTEMP,1913-01,-0.41
GISTEMP,1912-12,-0.42
GISTEMP,1912-11,-0.38
GISTEMP,1912-10,-0.55
GISTEMP,1912-09,-0.47
GISTEMP,1912-08,-0.51
GISTEMP,1912-07,-0.41
GISTEMP,1912-06,-0.26
GISTEMP,1912-05,-0.2
GISTEMP,1912-04,-0.2
GISTEMP,1912-03,-0.37
GISTEMP,1912-02,-0.13
GISTEMP,1912-01,-0.27
GISTEMP,1911-12,-0.25
GISTEMP,1911-11,-0.2
GISTEMP,1911-10,-0.26
GISTEMP,1911-09,-0.38
GISTEMP,1911-08,-0.43
GISTEMP,1911-07,-0.41
GISTEMP,1911-06,-0.47
GISTEMP,1911-05,-0.51
GISTEMP,1911-04,-0.55
GISTEMP,1911-03,-0.62
GISTEMP,1911-02,-0.6
GISTEMP,1911-01,-0.64
GISTEMP,1910-12,-0.69
GISTEMP,1910-11,-0.56
GISTEMP,1910-10,-0.39
GISTEMP,1910-09,-0.37
GISTEMP,1910-08,-0.34
GISTEMP,1910-07,-0.31
GISTEMP,1910-06,-0.36
GISTEMP,1910-05,-0.34
GISTEMP,1910-04,-0.39
GISTEMP,1910-03,-0.47
GISTEMP,1910-02,-0.43
GISTEMP,1910-01,-0.44
GISTEMP,1909-12,-0.55
GISTEMP,1909-11,-0.31
GISTEMP,1909-10,-0.39
GISTEMP,1909-09,-0.37
GISTEMP,1909-08,-0.3
GISTEMP,1909-07,-0.43
GISTEMP,1909-06,-0.52
GISTEMP,1909-05,-0.54
GISTEMP,1909-04,-0.59
GISTEMP,1909-03,-0.52
GISTEMP,1909-02,-0.47
GISTEMP,1909-01,-0.7
GISTEMP,1908-12,-0.5
GISTEMP,1908-11,-0.51
GISTEMP,1908-10,-0.43
GISTEMP,1908-09,-0.33
GISTEMP,1908-08,-0.45
GISTEMP,1908-07,-0.35
GISTEMP,1908-06,-0.39
GISTEMP,1908-05,-0.4
GISTEMP,1908-04,-0.46
GISTEMP,1908-03,-0.58
GISTEMP,1908-02,-0.36
GISTEMP,1908-01,-0.46
GISTEMP,1907-12,-0.5
GISTEMP,1907-11,-0.51
GISTEMP,1907-10,-0.24
GISTEMP,1907-09,-0.32
GISTEMP,1907-08,-0.37
GISTEMP,1907-07,-0.35
GISTEMP,1907-06,-0.43
GISTEMP,1907-05,-0.46
GISTEMP,1907-04,-0.4
GISTEMP,1907-03,-0.25
GISTEMP,1907-02,-0.53
GISTEMP,1907-01,-0.44
GISTEMP,1906-12,-0.18
GISTEMP,1906-11,-0.38
GISTEMP,1906-10,-0.2
GISTEMP,1906-09,-0.25
GISTEMP,1906-08,-0.19
GISTEMP,1906-07,-0.27
GISTEMP,1906-06,-0.22
GISTEMP,1906-05,-0.21
GISTEMP,1906-04,-0.02
GISTEMP,1906-03,-0.15
GISTEMP,1906-02,-0.34
GISTEMP,1906-01,-0.31
GISTEMP,1905-12,-0.21
GISTEMP,1905-11,-0.08
GISTEMP,1905-10,-0.23
GISTEMP,1905-09,-0.15
GISTEMP,1905-08,-0.21
GISTEMP,1905-07,-0.25
GISTEMP,1905-06,-0.31
GISTEMP,1905-05,-0.33
GISTEMP,1905-04,-0.36
GISTEMP,1905-03,-0.25
GISTEMP,1905-02,-0.59
GISTEMP,1905-01,-0.38
GISTEMP,1904-12,-0.29
GISTEMP,1904-11,-0.16
GISTEMP,1904-10,-0.35
GISTEMP,1904-09,-0.47
GISTEMP,1904-08,-0.43
GISTEMP,1904-07,-0.48
GISTEMP,1904-06,-0.49
GISTEMP,1904-05,-0.5
GISTEMP,1904-04,-0.5
GISTEMP,1904-03,-0.46
GISTEMP,1904-02,-0.55
GISTEMP,1904-01,-0.64
GISTEMP,1903-12,-0.47
GISTEMP,1903-11,-0.38
GISTEMP,1903-10,-0.42
GISTEMP,1903-09,-0.43
GISTEMP,1903-08,-0.44
GISTEMP,1903-07,-0.3
GISTEMP,1903-06,-0.44
GISTEMP,1903-05,-0.41
GISTEMP,1903-04,-0.39
GISTEMP,1903-03,-0.23
GISTEMP,1903-02,-0.06
GISTEMP,1903-01,-0.27
GISTEMP,1902-12,-0.46
GISTEMP,1902-11,-0.36
GISTEMP,1902-10,-0.27
GISTEMP,1902-09,-0.2
GISTEMP,1902-08,-0.28
GISTEMP,1902-07,-0.26
GISTEMP,1902-06,-0.34
GISTEMP,1902-05,-0.31
GISTEMP,1902-04,-0.27
GISTEMP,1902-03,-0.29
GISTEMP,1902-02,-0.03
GISTEMP,1902-01,-0.19
GISTEMP,1901-12,-0.3
GISTEMP,1901-11,-0.17
GISTEMP,1901-10,-0.29
GISTEMP,1901-09,-0.17
GISTEMP,1901-08,-0.13
GISTEMP,1901-07,-0.09
GISTEMP,1901-06,-0.1
GISTEMP,1901-05,-0.18
GISTEMP,1901-04,-0.06
GISTEMP,1901-03,0.05
GISTEMP,1901-02,-0.05
GISTEMP,1901-01,-0.3
GISTEMP,1900-12,-0.14
GISTEMP,1900-11,-0.13
GISTEMP,1900-10,0.08
GISTEMP,1900-09,0.01
GISTEMP,1900-08,-0.04
GISTEMP,1900-07,-0.09
GISTEMP,1900-06,-0.15
GISTEMP,1900-05,-0.06
GISTEMP,1900-04,-0.14
GISTEMP,1900-03,0.02
GISTEMP,1900-02,-0.08
GISTEMP,1900-01,-0.4
GISTEMP,1899-12,-0.27
GISTEMP,1899-11,0.12
GISTEMP,1899-10,0
GISTEMP,1899-09,0
GISTEMP,1899-08,-0.04
GISTEMP,1899-07,-0.13
GISTEMP,1899-06,-0.26
GISTEMP,1899-05,-0.2
GISTEMP,1899-04,-0.21
GISTEMP,1899-03,-0.35
GISTEMP,1899-02,-0.39
GISTEMP,1899-01,-0.18
GISTEMP,1898-12,-0.22
GISTEMP,1898-11,-0.35
GISTEMP,1898-10,-0.32
GISTEMP,1898-09,-0.19
GISTEMP,1898-08,-0.22
GISTEMP,1898-07,-0.22
GISTEMP,1898-06,-0.2
GISTEMP,1898-05,-0.35
GISTEMP,1898-04,-0.33
GISTEMP,1898-03,-0.55
GISTEMP,1898-02,-0.34
GISTEMP,1898-01,-0.06
GISTEMP,1897-12,-0.26
GISTEMP,1897-11,-0.18
GISTEMP,1897-10,-0.1
GISTEMP,1897-09,-0.04
GISTEMP,1897-08,-0.03
GISTEMP,1897-07,-0.04
GISTEMP,1897-06,-0.12
GISTEMP,1897-05,0
GISTEMP,1897-04,-0.01
GISTEMP,1897-03,-0.12
GISTEMP,1897-02,-0.19
GISTEMP,1897-01,-0.22
GISTEMP,1896-12,-0.12
GISTEMP,1896-11,-0.16
GISTEMP,1896-10,0.04
GISTEMP,1896-09,-0.05
GISTEMP,1896-08,-0.09
GISTEMP,1896-07,-0.06
GISTEMP,1896-06,-0.13
GISTEMP,1896-05,-0.19
GISTEMP,1896-04,-0.33
GISTEMP,1896-03,-0.29
GISTEMP,1896-02,-0.15
GISTEMP,1896-01,-0.23
GISTEMP,1895-12,-0.12
GISTEMP,1895-11,-0.15
GISTEMP,1895-10,-0.11
GISTEMP,1895-09,-0.02
GISTEMP,1895-08,-0.16
GISTEMP,1895-07,-0.16
GISTEMP,1895-06,-0.25
GISTEMP,1895-05,-0.23
GISTEMP,1895-04,-0.23
GISTEMP,1895-03,-0.3
GISTEMP,1895-02,-0.42
GISTEMP,1895-01,-0.44
GISTEMP,1894-12,-0.22
GISTEMP,1894-11,-0.25
GISTEMP,1894-10,-0.17
GISTEMP,1894-09,-0.23
GISTEMP,1894-08,-0.29
GISTEMP,1894-07,-0.32
GISTEMP,1894-06,-0.43
GISTEMP,1894-05,-0.3
GISTEMP,1894-04,-0.41
GISTEMP,1894-03,-0.2
GISTEMP,1894-02,-0.31
GISTEMP,1894-01,-0.55
GISTEMP,1893-12,-0.38
GISTEMP,1893-11,-0.17
GISTEMP,1893-10,-0.16
GISTEMP,1893-09,-0.18
GISTEMP,1893-08,-0.24
GISTEMP,1893-07,-0.14
GISTEMP,1893-06,-0.24
GISTEMP,1893-05,-0.35
GISTEMP,1893-04,-0.32
GISTEMP,1893-03,-0.24
GISTEMP,1893-02,-0.51
GISTEMP,1893-01,-0.69
GISTEMP,1892-12,-0.29
GISTEMP,1892-11,-0.49
GISTEMP,1892-10,-0.17
GISTEMP,1892-09,-0.25
GISTEMP,1892-08,-0.2
GISTEMP,1892-07,-0.28
GISTEMP,1892-06,-0.2
GISTEMP,1892-05,-0.25
GISTEMP,1892-04,-0.35
GISTEMP,1892-03,-0.36
GISTEMP,1892-02,-0.15
GISTEMP,1892-01,-0.26
GISTEMP,1891-12,-0.03
GISTEMP,1891-11,-0.37
GISTEMP,1891-10,-0.24
GISTEMP,1891-09,-0.13
GISTEMP,1891-08,-0.21
GISTEMP,1891-07,-0.22
GISTEMP,1891-06,-0.22
GISTEMP,1891-05,-0.17
GISTEMP,1891-04,-0.25
GISTEMP,1891-03,-0.15
GISTEMP,1891-02,-0.49
GISTEMP,1891-01,-0.46
GISTEMP,1890-12,-0.3
GISTEMP,1890-11,-0.37
GISTEMP,1890-10,-0.23
GISTEMP,1890-09,-0.36
GISTEMP,1890-08,-0.36
GISTEMP,1890-07,-0.3
GISTEMP,1890-06,-0.27
GISTEMP,1890-05,-0.48
GISTEMP,1890-04,-0.38
GISTEMP,1890-03,-0.41
GISTEMP,1890-02,-0.48
GISTEMP,1890-01,-0.48
GISTEMP,1889-12,-0.31
GISTEMP,1889-11,-0.32
GISTEMP,1889-10,-0.22
GISTEMP,1889-09,-0.18
GISTEMP,1889-08,-0.18
GISTEMP,1889-07,-0.05
GISTEMP,1889-06,-0.12
GISTEMP,1889-05,-0.03
GISTEMP,1889-04,0.04
GISTEMP,1889-03,0.04
GISTEMP,1889-02,0.14
GISTEMP,1889-01,-0.21
GISTEMP,1888-12,-0.12
GISTEMP,1888-11,0
GISTEMP,1888-10,0.01
GISTEMP,1888-09,-0.07
GISTEMP,1888-08,-0.11
GISTEMP,1888-07,-0.1
GISTEMP,1888-06,-0.2
GISTEMP,1888-05,-0.22
GISTEMP,1888-04,-0.28
GISTEMP,1888-03,-0.47
GISTEMP,1888-02,-0.43
GISTEMP,1888-01,-0.43
GISTEMP,1887-12,-0.38
GISTEMP,1887-11,-0.25
GISTEMP,1887-10,-0.32
GISTEMP,1887-09,-0.19
GISTEMP,1887-08,-0.28
GISTEMP,1887-07,-0.19
GISTEMP,1887-06,-0.21
GISTEMP,1887-05,-0.33
GISTEMP,1887-04,-0.37
GISTEMP,1887-03,-0.32
GISTEMP,1887-02,-0.48
GISTEMP,1887-01,-0.66
GISTEMP,1886-12,-0.25
GISTEMP,1886-11,-0.26
GISTEMP,1886-10,-0.25
GISTEMP,1886-09,-0.19
GISTEMP,1886-08,-0.31
GISTEMP,1886-07,-0.16
GISTEMP,1886-06,-0.39
GISTEMP,1886-05,-0.27
GISTEMP,1886-04,-0.29
GISTEMP,1886-03,-0.41
GISTEMP,1886-02,-0.46
GISTEMP,1886-01,-0.43
GISTEMP,1885-12,-0.07
GISTEMP,1885-11,-0.22
GISTEMP,1885-10,-0.2
GISTEMP,1885-09,-0.19
GISTEMP,1885-08,-0.27
GISTEMP,1885-07,-0.29
GISTEMP,1885-06,-0.5
GISTEMP,1885-05,-0.42
GISTEMP,1885-04,-0.45
GISTEMP,1885-03,-0.24
GISTEMP,1885-02,-0.3
GISTEMP,1885-01,-0.66
GISTEMP,1884-12,-0.3
GISTEMP,1884-11,-0.3
GISTEMP,1884-10,-0.22
GISTEMP,1884-09,-0.24
GISTEMP,1884-08,-0.27
GISTEMP,1884-07,-0.35
GISTEMP,1884-06,-0.38
GISTEMP,1884-05,-0.32
GISTEMP,1884-04,-0.36
GISTEMP,1884-03,-0.36
GISTEMP,1884-02,-0.13
GISTEMP,1884-01,-0.18
GISTEMP,1883-12,-0.19
GISTEMP,1883-11,-0.21
GISTEMP,1883-10,-0.12
GISTEMP,1883-09,-0.19
GISTEMP,1883-08,-0.14
GISTEMP,1883-07,-0.09
GISTEMP,1883-06,-0.13
GISTEMP,1883-05,-0.26
GISTEMP,1883-04,-0.25
GISTEMP,1883-03,-0.18
GISTEMP,1883-02,-0.42
GISTEMP,1883-01,-0.34
GISTEMP,1882-12,-0.25
GISTEMP,1882-11,-0.21
GISTEMP,1882-10,-0.23
GISTEMP,1882-09,-0.01
GISTEMP,1882-08,0.03
GISTEMP,1882-07,-0.11
GISTEMP,1882-06,-0.25
GISTEMP,1882-05,-0.18
GISTEMP,1882-04,-0.2
GISTEMP,1882-03,0.01
GISTEMP,1882-02,0.08
GISTEMP,1882-01,0.09
GISTEMP,1881-12,-0.16
GISTEMP,1881-11,-0.26
GISTEMP,1881-10,-0.2
GISTEMP,1881-09,-0.09
GISTEMP,1881-08,-0.03
GISTEMP,1881-07,-0.07
GISTEMP,1881-06,-0.28
GISTEMP,1881-05,-0.04
GISTEMP,1881-04,-0.03
GISTEMP,1881-03,0.01
GISTEMP,1881-02,-0.14
GISTEMP,1881-01,-0.1
GISTEMP,1880-12,-0.22
GISTEMP,1880-11,-0.19
GISTEMP,1880-10,-0.16
GISTEMP,1880-09,-0.17
GISTEMP,1880-08,-0.08
GISTEMP,1880-07,-0.24
GISTEMP,1880-06,-0.29
GISTEMP,1880-05,-0.14
GISTEMP,1880-04,-0.27
GISTEMP,1880-03,-0.18
GISTEMP,1880-02,-0.21
GISTEMP,1880-01,-0.3